id,is_OOD
JVASP-48662,0
JVASP-111725,0
JVASP-101772,0
JVASP-105624,0
JVASP-144438,1
JVASP-121599,0
JVASP-8350,0
JVASP-155562,1
JVASP-42312,0
JVASP-116056,0
JVASP-120595,0
JVASP-106990,0
JVASP-99724,1
JVASP-127533,0
JVASP-138844,1
JVASP-46982,0
JVASP-100904,0
JVASP-48916,0
JVASP-138899,0
JVASP-141629,0
JVASP-30258,0
JVASP-109854,0
JVASP-151886,1
JVASP-26645,1
JVASP-25638,1
JVASP-110335,0
JVASP-8360,0
JVASP-48619,0
JVASP-107119,0
JVASP-48620,0
JVASP-110698,0
JVASP-137216,1
JVASP-122331,0
JVASP-27815,1
JVASP-38573,1
JVASP-52171,0
JVASP-8137,1
JVASP-104983,0
JVASP-126887,0
JVASP-129216,1
JVASP-103197,1
JVASP-13071,1
JVASP-11616,1
JVASP-113219,0
JVASP-133728,1
JVASP-134728,1
JVASP-134356,1
JVASP-134340,1
JVASP-105587,0
JVASP-111248,0
JVASP-116786,1
JVASP-114430,0
JVASP-146154,0
JVASP-99482,1
JVASP-136615,0
JVASP-138686,1
JVASP-33742,1
JVASP-118337,0
JVASP-142620,0
JVASP-30604,1
JVASP-136611,1
JVASP-111923,0
JVASP-43323,1
JVASP-138924,0
JVASP-114747,0
JVASP-79250,0
JVASP-22613,1
JVASP-24314,1
JVASP-103540,0
JVASP-45936,0
JVASP-152353,1
JVASP-42266,0
JVASP-114926,0
JVASP-46898,0
JVASP-92439,0
JVASP-141605,0
JVASP-102180,0
JVASP-43897,0
JVASP-113238,0
JVASP-147132,1
JVASP-42934,0
JVASP-43857,1
JVASP-14874,0
JVASP-147129,0
JVASP-121000,1
JVASP-43602,1
JVASP-21990,1
JVASP-127586,1
JVASP-119458,0
JVASP-136576,1
JVASP-24992,1
JVASP-101234,1
JVASP-43987,0
JVASP-109855,0
JVASP-48683,0
JVASP-117442,0
JVASP-146907,1
JVASP-138935,0
JVASP-98639,0
JVASP-57661,0
JVASP-91809,1
JVASP-21826,1
JVASP-147712,0
JVASP-46901,0
JVASP-144426,0
JVASP-92249,1
JVASP-108830,1
JVASP-146787,0
JVASP-140628,0
JVASP-48168,0
JVASP-142604,0
JVASP-130919,1
JVASP-31872,1
JVASP-151129,1
JVASP-79651,1
JVASP-9435,0
JVASP-51764,1
JVASP-133630,0
JVASP-11307,0
JVASP-46734,0
JVASP-144776,0
JVASP-104528,1
JVASP-112700,1
JVASP-118284,1
JVASP-56667,0
JVASP-118268,1
JVASP-91518,1
JVASP-103548,1
JVASP-42508,0
JVASP-57048,0
JVASP-48135,0
JVASP-122387,1
JVASP-42325,0
JVASP-47737,0
JVASP-40673,0
JVASP-116064,0
JVASP-3543,0
JVASP-136627,1
JVASP-152744,1
JVASP-40668,1
JVASP-38158,1
JVASP-89957,1
JVASP-48131,0
JVASP-57148,1
JVASP-46803,0
JVASP-100884,0
JVASP-33801,1
JVASP-30206,0
JVASP-52210,0
JVASP-35384,1
JVASP-142619,0
JVASP-141622,0
JVASP-57068,1
JVASP-116590,0
JVASP-48722,0
JVASP-133681,0
JVASP-147488,0
JVASP-103157,1
JVASP-31824,1
JVASP-97539,1
JVASP-116051,0
JVASP-107593,0
JVASP-144081,0
JVASP-98529,0
JVASP-25876,0
JVASP-26039,1
JVASP-34563,0
JVASP-37623,1
JVASP-22176,0
JVASP-111137,1
JVASP-36981,0
JVASP-39414,1
JVASP-47965,0
JVASP-119186,0
JVASP-134759,0
JVASP-136603,0
JVASP-11328,1
JVASP-134440,0
JVASP-48915,0
JVASP-52234,1
JVASP-22385,0
JVASP-38028,0
JVASP-97368,1
JVASP-43597,0
JVASP-147183,0
JVASP-48666,0
JVASP-13868,0
JVASP-4597,1
JVASP-11143,0
JVASP-13966,0
JVASP-121721,0
JVASP-56694,0
JVASP-24254,0
JVASP-23959,1
JVASP-30691,1
JVASP-10142,0
JVASP-139088,0
JVASP-118321,0
JVASP-33370,1
JVASP-153814,1
JVASP-10203,0
JVASP-145389,1
JVASP-138807,1
JVASP-99978,0
JVASP-118887,0
JVASP-135245,1
JVASP-103168,0
JVASP-117445,0
JVASP-43832,0
JVASP-117723,0
JVASP-11108,1
JVASP-146865,0
JVASP-42258,0
JVASP-119740,1
JVASP-139884,0
JVASP-116031,1
JVASP-153242,0
JVASP-109102,0
JVASP-9376,1
JVASP-22891,1
JVASP-118235,0
JVASP-53210,0
JVASP-109825,0
JVASP-127401,1
JVASP-110372,0
JVASP-43766,0
JVASP-117721,0
JVASP-11159,1
JVASP-22440,1
JVASP-117100,1
JVASP-133632,0
JVASP-42808,0
JVASP-134368,0
JVASP-102064,1
JVASP-117431,0
JVASP-99938,0
JVASP-42711,0
JVASP-153450,0
JVASP-137591,0
JVASP-39091,1
JVASP-85923,1
JVASP-95642,1
JVASP-132798,0
JVASP-42175,0
JVASP-111255,1
JVASP-138874,0
JVASP-121790,0
JVASP-12193,0
JVASP-149696,0
JVASP-122386,0
JVASP-99530,0
JVASP-32899,1
JVASP-134244,0
JVASP-121684,0
JVASP-42218,0
JVASP-18210,0
JVASP-88113,1
JVASP-47436,0
JVASP-112429,0
JVASP-3594,0
JVASP-143996,0
JVASP-98570,1
JVASP-36289,0
JVASP-22943,1
JVASP-119597,1
JVASP-44226,0
JVASP-2739,1
JVASP-122316,0
JVASP-136569,1
JVASP-107850,1
JVASP-100879,0
JVASP-43002,0
JVASP-99731,0
JVASP-138818,1
JVASP-48825,1
JVASP-119338,0
JVASP-33326,1
JVASP-103556,0
JVASP-138823,0
JVASP-34579,1
JVASP-44149,0
JVASP-7684,0
JVASP-20948,0
JVASP-54466,0
JVASP-134878,0
JVASP-120044,1
JVASP-114935,1
JVASP-25015,0
JVASP-57358,0
JVASP-120193,0
JVASP-26566,1
JVASP-138425,0
JVASP-55665,0
JVASP-110958,0
JVASP-44008,0
JVASP-143263,0
JVASP-102850,0
JVASP-8346,1
JVASP-4083,1
JVASP-134729,0
JVASP-47996,1
JVASP-48312,0
JVASP-134742,1
JVASP-43620,0
JVASP-111905,0
JVASP-108986,0
JVASP-137896,0
JVASP-137755,0
JVASP-47075,0
JVASP-100900,1
JVASP-9786,0
JVASP-25637,0
JVASP-139162,1
JVASP-12544,1
JVASP-127538,1
JVASP-119540,0
JVASP-48920,0
JVASP-20879,0
JVASP-106645,0
JVASP-43824,0
JVASP-51430,0
JVASP-119548,0
JVASP-152971,0
JVASP-13427,1
JVASP-57524,0
JVASP-145758,0
JVASP-41388,1
JVASP-48384,0
JVASP-46771,0
JVASP-48406,0
JVASP-58922,0
JVASP-58325,1
JVASP-85955,1
JVASP-110739,1
JVASP-139264,0
JVASP-48653,0
JVASP-146617,0
JVASP-30518,1
JVASP-107786,1
JVASP-24260,0
JVASP-138805,0
JVASP-14116,0
JVASP-30381,0
JVASP-16176,1
JVASP-144080,0
JVASP-116770,0
JVASP-52341,0
JVASP-2502,1
JVASP-30163,0
JVASP-118261,1
JVASP-86522,1
JVASP-100463,1
JVASP-21122,0
JVASP-43951,0
JVASP-138903,1
JVASP-116054,1
JVASP-35605,1
JVASP-25704,0
JVASP-149888,0
JVASP-145772,0
JVASP-102353,0
JVASP-110624,1
JVASP-110097,1
JVASP-138989,0
JVASP-42685,0
JVASP-114455,1
JVASP-144872,1
JVASP-136575,0
JVASP-121565,1
JVASP-143253,0
JVASP-48095,0
JVASP-11298,0
JVASP-102403,0
JVASP-13412,1
JVASP-98788,0
JVASP-105604,0
JVASP-118275,0
JVASP-100568,1
JVASP-95551,0
JVASP-134788,0
JVASP-116006,0
JVASP-44101,0
JVASP-43106,1
JVASP-99030,0
JVASP-117450,0
JVASP-152903,1
JVASP-22697,0
JVASP-150025,1
JVASP-19324,1
JVASP-99723,1
JVASP-14156,1
JVASP-85948,1
JVASP-53161,1
JVASP-25588,1
JVASP-138925,1
JVASP-134514,1
JVASP-136547,0
JVASP-145169,0
JVASP-29406,0
JVASP-120999,1
JVASP-22989,1
JVASP-47963,0
JVASP-7683,0
JVASP-134773,1
JVASP-20326,1
JVASP-138436,1
JVASP-46786,1
JVASP-43720,0
JVASP-116001,1
JVASP-151368,0
JVASP-42224,0
JVASP-119334,0
JVASP-105675,1
JVASP-18985,1
JVASP-101500,0
JVASP-118259,1
JVASP-112607,1
JVASP-134123,0
JVASP-110189,0
JVASP-117444,0
JVASP-109823,0
JVASP-116027,1
JVASP-26761,1
JVASP-22062,0
JVASP-147487,0
JVASP-52260,1
JVASP-21606,0
JVASP-43914,0
JVASP-112534,1
JVASP-111659,0
JVASP-90270,0
JVASP-30298,0
JVASP-42351,0
JVASP-48571,0
JVASP-117397,0
JVASP-119340,0
JVASP-34651,0
JVASP-118414,1
JVASP-25817,1
JVASP-88329,0
JVASP-54480,1
JVASP-146739,0
JVASP-107332,0
JVASP-57562,0
JVASP-120549,1
JVASP-132881,0
JVASP-44000,0
JVASP-138910,1
JVASP-142567,0
JVASP-146915,0
JVASP-140231,1
JVASP-42237,0
JVASP-122064,0
JVASP-144840,1
JVASP-34498,1
JVASP-118334,0
JVASP-85672,1
JVASP-38102,0
JVASP-137262,1
JVASP-134873,0
JVASP-97965,1
JVASP-42557,0
JVASP-30217,0
JVASP-34910,1
JVASP-42547,0
JVASP-53100,0
JVASP-90160,0
JVASP-97955,1
JVASP-140787,1
JVASP-122337,0
JVASP-111930,0
JVASP-137765,1
JVASP-142387,1
JVASP-146596,0
JVASP-142600,0
JVASP-101768,0
JVASP-119593,0
JVASP-42757,0
JVASP-101535,0
JVASP-144248,0
JVASP-10253,1
JVASP-122518,0
JVASP-12932,1
JVASP-116823,1
JVASP-88588,0
JVASP-49402,1
JVASP-135730,1
JVASP-38593,1
JVASP-47976,0
JVASP-103408,0
JVASP-102443,0
JVASP-140713,0
JVASP-42392,0
JVASP-138825,0
JVASP-143266,0
JVASP-100080,1
JVASP-30672,1
JVASP-121016,0
JVASP-48447,1
JVASP-50739,1
JVASP-138822,0
JVASP-138423,1
JVASP-42552,0
JVASP-137375,0
JVASP-57604,1
JVASP-140169,0
JVASP-107383,0
JVASP-42519,0
JVASP-97916,1
JVASP-114433,0
JVASP-33317,1
JVASP-116069,0
JVASP-3924,0
JVASP-12051,0
JVASP-24958,1
JVASP-2742,0
JVASP-136332,1
JVASP-141658,0
JVASP-139153,0
JVASP-2472,1
JVASP-98247,1
JVASP-113425,0
JVASP-113595,0
JVASP-110349,1
JVASP-102381,0
JVASP-42748,0
JVASP-21969,0
JVASP-85662,1
JVASP-134768,0
JVASP-51349,1
JVASP-114425,0
JVASP-85784,1
JVASP-35413,1
JVASP-42242,0
JVASP-134875,0
JVASP-42919,0
JVASP-118256,1
JVASP-12913,0
JVASP-138900,1
JVASP-141601,0
JVASP-116026,0
JVASP-138917,1
JVASP-140996,0
JVASP-133405,1
JVASP-140987,0
JVASP-139147,0
JVASP-121472,1
JVASP-48403,0
JVASP-47076,1
JVASP-42555,0
JVASP-110669,0
JVASP-30457,0
JVASP-46690,0
JVASP-120995,1
JVASP-48419,0
JVASP-140254,1
JVASP-108601,1
JVASP-24614,1
JVASP-58243,1
JVASP-109490,0
JVASP-57084,0
JVASP-138850,0
JVASP-59062,1
JVASP-39858,1
JVASP-2967,0
JVASP-43810,1
JVASP-43031,0
JVASP-21858,0
JVASP-139083,0
JVASP-138828,1
JVASP-22907,1
JVASP-109890,0
JVASP-22610,1
JVASP-8381,0
JVASP-23980,1
JVASP-26635,1
JVASP-114025,1
JVASP-44784,0
JVASP-22529,1
JVASP-99318,1
JVASP-42420,0
JVASP-52342,1
JVASP-118336,0
JVASP-140937,0
JVASP-100055,0
JVASP-48372,0
JVASP-138857,0
JVASP-100696,0
JVASP-140636,0
JVASP-10498,1
JVASP-7786,0
JVASP-120749,0
JVASP-136577,1
JVASP-50804,0
JVASP-100121,0
JVASP-140598,0
JVASP-40468,0
JVASP-56647,0
JVASP-146566,0
JVASP-134772,1
JVASP-106887,0
JVASP-135083,1
JVASP-10217,1
JVASP-127561,1
JVASP-24974,0
JVASP-95440,1
JVASP-147426,0
JVASP-91553,0
JVASP-104500,1
JVASP-48663,0
JVASP-134249,1
JVASP-31168,1
JVASP-134246,1
JVASP-21010,1
JVASP-10244,1
JVASP-110334,1
JVASP-42309,0
JVASP-44301,0
JVASP-109640,0
JVASP-91697,1
JVASP-52269,1
JVASP-2400,1
JVASP-42530,0
JVASP-106457,1
JVASP-114944,0
JVASP-91978,0
JVASP-147209,1
JVASP-119399,0
JVASP-141158,0
JVASP-94834,0
JVASP-85447,1
JVASP-111001,0
JVASP-136539,0
JVASP-42235,0
JVASP-61470,1
JVASP-141153,0
JVASP-8332,1
JVASP-146567,0
JVASP-36999,1
JVASP-8789,0
JVASP-47032,1
JVASP-107799,0
JVASP-149937,1
JVASP-105012,0
JVASP-21101,1
JVASP-96500,0
JVASP-42751,0
JVASP-25627,0
JVASP-48434,0
JVASP-24860,0
JVASP-118404,1
JVASP-107633,0
JVASP-99936,1
JVASP-32273,1
JVASP-24947,0
JVASP-57600,1
JVASP-112219,0
JVASP-9406,1
JVASP-141362,0
JVASP-48398,0
JVASP-57178,0
JVASP-3651,1
JVASP-110375,0
JVASP-127535,0
JVASP-52474,0
JVASP-118287,1
JVASP-48594,1
JVASP-134737,1
JVASP-43529,0
JVASP-117298,0
JVASP-120195,0
JVASP-135745,1
JVASP-8056,0
JVASP-155565,1
JVASP-120740,0
JVASP-22525,0
JVASP-63291,1
JVASP-115926,0
JVASP-100120,1
JVASP-110665,1
JVASP-105000,1
JVASP-146569,0
JVASP-146940,0
JVASP-43524,0
JVASP-135749,1
JVASP-52214,1
JVASP-15491,0
JVASP-43698,1
JVASP-34429,1
JVASP-138839,0
JVASP-119331,0
JVASP-115579,0
JVASP-34439,0
JVASP-42387,0
JVASP-42544,0
JVASP-133594,1
JVASP-48632,0
JVASP-138832,0
JVASP-47990,0
JVASP-32666,1
JVASP-102251,0
JVASP-134746,0
JVASP-22570,0
JVASP-43858,0
JVASP-143644,1
JVASP-48368,0
JVASP-117448,0
JVASP-30161,0
JVASP-48584,0
JVASP-31176,1
JVASP-42368,0
JVASP-100886,1
JVASP-56686,0
JVASP-21201,1
JVASP-21387,0
JVASP-34339,1
JVASP-8803,0
JVASP-56705,0
JVASP-61514,1
JVASP-136598,0
JVASP-33066,1
JVASP-42715,0
JVASP-146152,0
JVASP-120158,0
JVASP-30673,0
JVASP-104011,0
JVASP-112554,0
JVASP-38675,1
JVASP-21165,0
JVASP-7644,0
JVASP-139154,0
JVASP-21982,0
JVASP-121008,1
JVASP-136551,0
JVASP-85931,1
JVASP-21945,1
JVASP-24626,1
JVASP-57410,0
JVASP-22901,0
JVASP-97856,1
JVASP-45858,0
JVASP-26005,1
JVASP-121792,0
JVASP-50628,0
JVASP-147433,0
JVASP-136613,1
JVASP-119727,0
JVASP-34639,0
JVASP-43772,0
JVASP-113073,1
JVASP-34405,0
JVASP-100346,0
JVASP-42767,0
JVASP-44050,0
JVASP-11209,1
JVASP-151836,0
JVASP-9534,0
JVASP-43822,0
JVASP-116902,0
JVASP-88159,1
JVASP-91799,1
JVASP-114816,0
JVASP-127593,1
JVASP-36929,1
JVASP-112526,0
JVASP-146123,0
JVASP-2895,1
JVASP-146913,0
JVASP-26759,0
JVASP-134358,1
JVASP-16122,1
JVASP-18176,0
JVASP-25009,0
JVASP-113216,0
JVASP-2709,1
JVASP-140305,1
JVASP-110705,0
JVASP-156330,1
JVASP-48742,0
JVASP-100074,1
JVASP-109824,0
JVASP-88330,1
JVASP-139796,0
JVASP-134145,1
JVASP-115407,1
JVASP-30645,1
JVASP-8280,1
JVASP-121725,0
JVASP-120716,0
JVASP-1256,1
JVASP-34408,0
JVASP-22593,0
JVASP-155567,1
JVASP-43561,1
JVASP-142689,0
JVASP-102330,1
JVASP-21407,1
JVASP-20918,0
JVASP-50736,0
JVASP-43938,0
JVASP-111362,1
JVASP-144606,1
JVASP-127568,1
JVASP-9949,0
JVASP-106224,1
JVASP-53395,1
JVASP-126291,0
JVASP-3348,0
JVASP-134757,1
JVASP-143279,0
JVASP-35827,1
JVASP-86419,1
JVASP-118213,0
JVASP-50632,1
JVASP-92982,1
JVASP-55177,0
JVASP-40709,0
JVASP-34619,1
JVASP-142623,0
JVASP-142703,0
JVASP-40176,0
JVASP-85840,0
JVASP-114032,1
JVASP-114428,1
JVASP-30257,0
JVASP-79627,0
JVASP-25660,0
JVASP-12571,1
JVASP-22620,1
JVASP-57242,0
JVASP-20880,0
JVASP-24675,1
JVASP-57158,1
JVASP-59633,1
JVASP-57679,1
JVASP-138690,1
JVASP-90640,1
JVASP-48875,0
JVASP-138879,0
JVASP-119700,0
JVASP-48888,0
JVASP-118783,1
JVASP-143702,1
JVASP-98653,1
JVASP-26813,1
JVASP-3240,1
JVASP-46813,0
JVASP-146320,1
JVASP-118251,0
JVASP-44773,0
JVASP-48807,0
JVASP-126561,0
JVASP-110076,1
JVASP-3552,1
JVASP-90339,1
JVASP-9540,0
JVASP-85757,1
JVASP-132868,0
JVASP-42833,0
JVASP-48365,0
JVASP-48598,0
JVASP-8337,1
JVASP-40704,0
JVASP-106303,1
JVASP-120169,0
JVASP-138685,1
JVASP-9133,1
JVASP-93850,1
JVASP-34675,0
JVASP-25654,1
JVASP-5329,1
JVASP-48338,0
JVASP-42749,0
JVASP-126822,1
JVASP-109484,0
JVASP-133701,0
JVASP-50837,0
JVASP-146107,0
JVASP-22533,1
JVASP-140631,1
JVASP-147388,0
JVASP-104998,1
JVASP-102439,1
JVASP-25889,1
JVASP-29255,0
JVASP-42686,1
JVASP-52302,0
JVASP-59054,1
JVASP-111588,0
JVASP-130054,1
JVASP-134247,0
JVASP-90000,1
JVASP-43986,0
JVASP-118257,0
JVASP-43861,1
JVASP-52330,0
JVASP-144893,0
JVASP-117540,0
JVASP-137377,1
JVASP-106223,1
JVASP-46896,0
JVASP-42376,0
JVASP-117719,0
JVASP-118276,1
JVASP-121733,0
JVASP-8348,0
JVASP-49814,1
JVASP-134718,1
JVASP-42804,0
JVASP-148213,1
JVASP-8374,0
JVASP-107793,0
JVASP-114744,0
JVASP-52183,1
JVASP-48323,0
JVASP-48549,0
JVASP-42239,0
JVASP-153383,0
JVASP-106476,1
JVASP-88092,1
JVASP-50767,1
JVASP-54625,1
JVASP-109176,1
JVASP-95332,1
JVASP-62522,1
JVASP-133796,1
JVASP-127596,1
JVASP-102413,1
JVASP-9913,1
JVASP-114742,1
JVASP-138862,0
JVASP-12493,1
JVASP-57325,0
JVASP-52272,1
JVASP-117725,0
JVASP-47994,0
JVASP-147477,0
JVASP-52435,1
JVASP-116086,0
JVASP-31165,0
JVASP-106209,1
JVASP-90060,1
JVASP-8386,0
JVASP-48822,0
JVASP-97814,1
JVASP-43560,0
JVASP-145573,0
JVASP-42419,0
JVASP-138433,1
JVASP-113436,0
JVASP-99871,0
JVASP-102864,0
JVASP-147441,0
JVASP-148924,0
JVASP-118326,0
JVASP-115929,0
JVASP-144495,0
JVASP-144880,0
JVASP-106199,1
JVASP-21373,0
JVASP-62598,0
JVASP-48644,0
JVASP-43976,0
JVASP-21970,1
JVASP-105013,0
JVASP-144554,1
JVASP-145969,1
JVASP-121026,0
JVASP-30700,1
JVASP-44051,0
JVASP-138815,1
JVASP-138723,0
JVASP-50678,0
JVASP-147431,0
JVASP-2097,1
JVASP-8464,1
JVASP-52572,1
JVASP-121937,0
JVASP-50743,1
JVASP-52262,1
JVASP-134776,0
JVASP-117706,1
JVASP-140228,0
JVASP-48418,0
JVASP-122522,0
JVASP-146106,0
JVASP-25907,0
JVASP-54433,0
JVASP-87009,0
JVASP-25825,0
JVASP-111928,0
JVASP-22588,1
JVASP-141566,0
JVASP-127572,1
JVASP-119753,0
JVASP-52240,1
JVASP-119289,0
JVASP-134874,0
JVASP-10970,1
JVASP-148957,0
JVASP-152601,1
JVASP-31801,1
JVASP-136555,0
JVASP-119996,1
JVASP-145660,0
JVASP-21948,0
JVASP-98665,0
JVASP-117153,1
JVASP-113423,0
JVASP-91977,0
JVASP-24409,0
JVASP-119992,1
JVASP-101424,1
JVASP-44247,0
JVASP-90807,0
JVASP-120581,0
JVASP-144089,0
JVASP-147146,0
JVASP-42145,0
JVASP-103198,0
JVASP-133560,0
JVASP-112327,1
JVASP-136593,0
JVASP-98876,1
JVASP-48319,0
JVASP-48442,0
JVASP-46913,0
JVASP-142866,0
JVASP-48530,0
JVASP-25918,1
JVASP-118269,0
JVASP-121735,0
JVASP-125110,1
JVASP-34433,1
JVASP-134745,0
JVASP-98645,1
JVASP-143267,0
JVASP-48967,0
JVASP-150350,1
JVASP-108975,0
JVASP-39890,1
JVASP-52267,1
JVASP-26176,1
JVASP-42211,0
JVASP-97717,0
JVASP-13036,0
JVASP-118322,0
JVASP-117590,0
JVASP-32106,0
JVASP-145576,0
JVASP-10961,1
JVASP-141655,1
JVASP-140652,0
JVASP-119726,0
JVASP-20890,1
JVASP-110359,0
JVASP-142666,0
JVASP-48541,0
JVASP-146490,1
JVASP-25788,0
JVASP-146933,0
JVASP-27517,0
JVASP-48132,0
JVASP-30383,0
JVASP-142692,1
JVASP-109466,0
JVASP-138426,1
JVASP-120138,1
JVASP-100067,0
JVASP-154866,0
JVASP-138824,0
JVASP-45789,0
JVASP-133319,0
JVASP-48586,0
JVASP-116071,0
JVASP-43513,0
JVASP-34485,1
JVASP-139152,0
JVASP-134760,0
JVASP-114941,1
JVASP-48427,1
JVASP-31826,1
JVASP-20834,1
JVASP-109910,0
JVASP-141752,0
JVASP-37399,1
JVASP-43682,0
JVASP-118255,0
JVASP-147141,0
JVASP-141424,1
JVASP-27783,1
JVASP-143573,0
JVASP-111759,1
JVASP-120602,0
JVASP-96785,1
JVASP-116521,0
JVASP-136554,1
JVASP-103182,1
JVASP-143804,1
JVASP-121906,0
JVASP-120884,0
JVASP-26362,0
JVASP-7988,1
JVASP-94797,1
JVASP-144877,0
JVASP-107857,0
JVASP-137741,0
JVASP-43818,0
JVASP-20309,1
JVASP-34632,1
JVASP-102085,1
JVASP-133679,1
JVASP-97936,0
JVASP-121035,0
JVASP-126381,1
JVASP-109889,1
JVASP-22537,1
JVASP-134771,0
JVASP-141572,0
JVASP-115571,0
JVASP-120754,0
JVASP-48344,0
JVASP-48740,1
JVASP-121922,0
JVASP-36876,0
JVASP-119488,1
JVASP-119995,0
JVASP-119392,0
JVASP-120171,1
JVASP-153089,0
JVASP-48573,0
JVASP-121936,0
JVASP-3963,1
JVASP-11311,0
JVASP-2598,1
JVASP-22628,1
JVASP-98057,0
JVASP-112822,0
JVASP-100457,0
JVASP-48714,0
JVASP-46946,0
JVASP-143255,0
JVASP-112283,0
JVASP-25843,0
JVASP-114995,0
JVASP-133265,0
JVASP-99671,0
JVASP-70148,0
JVASP-139145,0
JVASP-48815,0
JVASP-116025,1
JVASP-87109,1
JVASP-48761,0
JVASP-53461,1
JVASP-106441,0
JVASP-119345,0
JVASP-134830,1
JVASP-146210,0
JVASP-121123,1
JVASP-138937,0
JVASP-155186,1
JVASP-22589,0
JVASP-48973,0
JVASP-114457,1
JVASP-141046,0
JVASP-118338,0
JVASP-141827,0
JVASP-42418,0
JVASP-114453,1
JVASP-136092,0
JVASP-116017,0
JVASP-122041,0
JVASP-26485,0
JVASP-119006,0
JVASP-134820,1
JVASP-21788,1
JVASP-105292,0
JVASP-101973,0
JVASP-92435,0
JVASP-14158,1
JVASP-22526,0
JVASP-34370,0
JVASP-140422,0
JVASP-146591,0
JVASP-31829,1
JVASP-118237,0
JVASP-42729,1
JVASP-47315,1
JVASP-118955,1
JVASP-116814,0
JVASP-118306,0
JVASP-48342,0
JVASP-110620,1
JVASP-113252,0
JVASP-47196,0
JVASP-48577,0
JVASP-146335,0
JVASP-146319,1
JVASP-147688,0
JVASP-46890,0
JVASP-151006,1
JVASP-4549,0
JVASP-136750,1
JVASP-150527,0
JVASP-147109,1
JVASP-50764,0
JVASP-60687,1
JVASP-150934,0
JVASP-9546,0
JVASP-119132,1
JVASP-9537,0
JVASP-119208,1
JVASP-116015,0
JVASP-1261,1
JVASP-78579,1
JVASP-113211,0
JVASP-146397,1
JVASP-86468,0
JVASP-38763,1
JVASP-40658,0
JVASP-140632,0
JVASP-122322,0
JVASP-93476,0
JVASP-48466,0
JVASP-108976,1
JVASP-117347,0
JVASP-10128,0
JVASP-30112,1
JVASP-44787,0
JVASP-12073,0
JVASP-90372,0
JVASP-48641,0
JVASP-8310,0
JVASP-143928,0
JVASP-121802,1
JVASP-141531,0
JVASP-2796,0
JVASP-144783,0
JVASP-146272,0
JVASP-145950,0
JVASP-11341,1
JVASP-11184,1
JVASP-104002,0
JVASP-147331,1
JVASP-105642,0
JVASP-138123,0
JVASP-136587,0
JVASP-104495,0
JVASP-103159,0
JVASP-114432,0
JVASP-86949,0
JVASP-110709,0
JVASP-40499,0
JVASP-48580,0
JVASP-48185,0
JVASP-114738,1
JVASP-114031,0
JVASP-25646,0
JVASP-147412,1
JVASP-32684,1
JVASP-32274,1
JVASP-48824,0
JVASP-118293,0
JVASP-5737,1
JVASP-42313,0
JVASP-136538,0
JVASP-59276,0
JVASP-10147,0
JVASP-22903,1
JVASP-104765,0
JVASP-86530,1
JVASP-21946,0
JVASP-16200,1
JVASP-58424,0
JVASP-99481,1
JVASP-21025,1
JVASP-142891,0
JVASP-110321,1
JVASP-35457,0
JVASP-1136,1
JVASP-139404,0
JVASP-44740,0
JVASP-127641,0
JVASP-145900,0
JVASP-48682,0
JVASP-113071,0
JVASP-121296,1
JVASP-141895,0
JVASP-119373,0
JVASP-119725,0
JVASP-133624,1
JVASP-2748,1
JVASP-9490,1
JVASP-143975,0
JVASP-129076,1
JVASP-48544,0
JVASP-104639,1
JVASP-22577,0
JVASP-146885,1
JVASP-139806,0
JVASP-138891,1
JVASP-14410,1
JVASP-96803,0
JVASP-39479,0
JVASP-132893,1
JVASP-138930,1
JVASP-90680,1
JVASP-134724,1
JVASP-24396,1
JVASP-50692,1
JVASP-106221,0
JVASP-92609,0
JVASP-92569,1
JVASP-151004,0
JVASP-24541,1
JVASP-138932,0
JVASP-43554,0
JVASP-120185,0
JVASP-42755,0
JVASP-138860,0
JVASP-99686,0
JVASP-9489,1
JVASP-120163,0
JVASP-58408,0
JVASP-23972,1
JVASP-107117,0
JVASP-106173,0
JVASP-48553,0
JVASP-138434,0
JVASP-112457,0
JVASP-3195,0
JVASP-58896,1
JVASP-3183,0
JVASP-111761,0
JVASP-3135,0
JVASP-42609,1
JVASP-121028,0
JVASP-137223,0
JVASP-149652,1
JVASP-46914,0
JVASP-10482,1
JVASP-26755,0
JVASP-143281,0
JVASP-112121,0
JVASP-105673,0
JVASP-55135,0
JVASP-121758,0
JVASP-118315,0
JVASP-26763,0
JVASP-137731,1
JVASP-34311,1
JVASP-134866,0
JVASP-152654,1
JVASP-120153,0
JVASP-134798,0
JVASP-137330,0
JVASP-118300,0
JVASP-42662,0
JVASP-116012,0
JVASP-116029,0
JVASP-110374,1
JVASP-3096,0
JVASP-146108,0
JVASP-20907,1
JVASP-100519,1
JVASP-141574,0
JVASP-48634,0
JVASP-48590,1
JVASP-92252,1
JVASP-136604,0
JVASP-119947,1
JVASP-144731,1
JVASP-109221,0
JVASP-145520,1
JVASP-139848,0
JVASP-9421,0
JVASP-143699,1
JVASP-13867,0
JVASP-93477,0
JVASP-25656,0
JVASP-136599,1
JVASP-134721,1
JVASP-140716,0
JVASP-136097,1
JVASP-48499,0
JVASP-42597,0
JVASP-31147,1
JVASP-91225,0
JVASP-30510,1
JVASP-114924,1
JVASP-112438,0
JVASP-152855,0
JVASP-117720,0
JVASP-57120,1
JVASP-114937,0
JVASP-144088,0
JVASP-30665,0
JVASP-116074,1
JVASP-134710,0
JVASP-38129,0
JVASP-145943,0
JVASP-30708,0
JVASP-146920,0
JVASP-11280,0
JVASP-100453,1
JVASP-26785,0
JVASP-118891,0
JVASP-120154,0
JVASP-32465,1
JVASP-100072,0
JVASP-42747,0
JVASP-145172,1
JVASP-30263,0
JVASP-52150,1
JVASP-90501,1
JVASP-42840,0
JVASP-133565,0
JVASP-133670,0
JVASP-52573,1
JVASP-137789,0
JVASP-36919,0
JVASP-116880,0
JVASP-97342,1
JVASP-49631,0
JVASP-50723,0
JVASP-102088,1
JVASP-110708,0
JVASP-87875,0
JVASP-144424,0
JVASP-138918,0
JVASP-48324,0
JVASP-59274,0
JVASP-91855,1
JVASP-108903,0
JVASP-47902,0
JVASP-23870,0
JVASP-109821,0
JVASP-48611,0
JVASP-92254,1
JVASP-57146,0
JVASP-22007,1
JVASP-22191,0
JVASP-144416,0
JVASP-43827,0
JVASP-42768,0
JVASP-104531,1
JVASP-138831,1
JVASP-134508,0
JVASP-138893,0
JVASP-43968,0
JVASP-43064,0
JVASP-16012,1
JVASP-140709,0
JVASP-144065,0
JVASP-105622,1
JVASP-98425,1
JVASP-137756,0
JVASP-119396,0
JVASP-123571,1
JVASP-137847,0
JVASP-146092,0
JVASP-138907,0
JVASP-36902,0
JVASP-12701,0
JVASP-56646,1
JVASP-21446,0
JVASP-116837,0
JVASP-2772,0
JVASP-24435,1
JVASP-116873,0
JVASP-103764,1
JVASP-112843,0
JVASP-155189,0
JVASP-119692,0
JVASP-138849,1
JVASP-145276,0
JVASP-114824,1
JVASP-33800,1
JVASP-11301,0
JVASP-120818,0
JVASP-137848,0
JVASP-26526,0
JVASP-136333,1
JVASP-47387,0
JVASP-138927,0
JVASP-20972,0
JVASP-152787,1
JVASP-104991,0
JVASP-44017,0
JVASP-118232,0
JVASP-103541,0
JVASP-139896,0
JVASP-43697,0
JVASP-117709,0
JVASP-110337,1
JVASP-128061,0
JVASP-34435,0
JVASP-8358,1
JVASP-20134,0
JVASP-118957,0
JVASP-22584,0
JVASP-125500,0
JVASP-2478,0
JVASP-138901,0
JVASP-97901,0
JVASP-138873,0
JVASP-114021,1
JVASP-52193,0
JVASP-138441,0
JVASP-119729,0
JVASP-9502,0
JVASP-142877,0
JVASP-127562,1
JVASP-127591,1
JVASP-42937,0
JVASP-133680,0
JVASP-42446,0
JVASP-140348,1
JVASP-134250,1
JVASP-145370,1
JVASP-116877,0
JVASP-122096,1
JVASP-111864,1
JVASP-146570,0
JVASP-134764,0
JVASP-135999,1
JVASP-143264,0
JVASP-151329,1
JVASP-25629,1
JVASP-101033,1
JVASP-9545,0
JVASP-46695,0
JVASP-147125,0
JVASP-26561,0
JVASP-121713,0
JVASP-4453,1
JVASP-48430,0
JVASP-138943,0
JVASP-136625,1
JVASP-151440,0
JVASP-147095,0
JVASP-9403,1
JVASP-42594,0
JVASP-146615,0
JVASP-24273,1
JVASP-134763,0
JVASP-42721,0
JVASP-12506,1
JVASP-120187,0
JVASP-29289,1
JVASP-141017,0
JVASP-8349,1
JVASP-133563,0
JVASP-109001,1
JVASP-144344,1
JVASP-138806,1
JVASP-120529,0
JVASP-31800,1
JVASP-103559,1
JVASP-91702,1
JVASP-136552,1
JVASP-32986,1
JVASP-99434,1
JVASP-2307,0
JVASP-147300,1
JVASP-152698,0
JVASP-104803,0
JVASP-51985,1
JVASP-109859,0
JVASP-43740,0
JVASP-115404,0
JVASP-97867,0
JVASP-95821,0
JVASP-57454,1
JVASP-50849,1
JVASP-134349,1
JVASP-137644,1
JVASP-129346,0
JVASP-134835,1
JVASP-21474,0
JVASP-48906,0
JVASP-121769,0
JVASP-34307,0
JVASP-57133,1
JVASP-136568,1
JVASP-104893,1
JVASP-152548,1
JVASP-108840,1
JVASP-42790,0
JVASP-154102,0
JVASP-138172,1
JVASP-44781,0
JVASP-32247,1
JVASP-133420,0
JVASP-48320,0
JVASP-44296,0
JVASP-48423,0
JVASP-136759,0
JVASP-48540,0
JVASP-121297,1
JVASP-10477,1
JVASP-120887,1
JVASP-90285,1
JVASP-138877,0
JVASP-140230,0
JVASP-146616,0
JVASP-60621,1
JVASP-62553,0
JVASP-109908,0
JVASP-120284,1
JVASP-105623,1
JVASP-42896,0
JVASP-98641,1
JVASP-107586,0
JVASP-120144,1
JVASP-55212,1
JVASP-120601,0
JVASP-118289,0
JVASP-50685,1
JVASP-24375,1
JVASP-91972,0
JVASP-120190,0
JVASP-92599,0
JVASP-134717,0
JVASP-48652,0
JVASP-29752,1
JVASP-43184,1
JVASP-48818,0
JVASP-21960,1
JVASP-27814,1
JVASP-11333,0
JVASP-101974,0
JVASP-96515,0
JVASP-107137,0
JVASP-30637,0
JVASP-134344,1
JVASP-117731,0
JVASP-11300,0
JVASP-115400,1
JVASP-87038,1
JVASP-90845,0
JVASP-51421,0
JVASP-59535,1
JVASP-114928,0
JVASP-146275,0
JVASP-150170,0
JVASP-42524,0
JVASP-91976,1
JVASP-3852,1
JVASP-42793,0
JVASP-53137,1
JVASP-141001,0
JVASP-57159,1
JVASP-105634,0
JVASP-56688,0
JVASP-57824,0
JVASP-116337,0
JVASP-105010,0
JVASP-120162,0
JVASP-96912,0
JVASP-42916,0
JVASP-21829,1
JVASP-100057,0
JVASP-29394,1
JVASP-106416,1
JVASP-121299,1
JVASP-117584,0
JVASP-136619,0
JVASP-29461,0
JVASP-57479,0
JVASP-22674,1
JVASP-119274,1
JVASP-110373,1
JVASP-113042,1
JVASP-14277,1
JVASP-22748,0
JVASP-91278,1
JVASP-147238,1
JVASP-48947,0
JVASP-38110,0
JVASP-118253,1
JVASP-142632,0
JVASP-114435,0
JVASP-47303,0
JVASP-34655,1
JVASP-153478,0
JVASP-134649,0
JVASP-50681,1
JVASP-140735,1
JVASP-116046,0
JVASP-86547,1
JVASP-42998,0
JVASP-119346,0
JVASP-116618,0
JVASP-22599,1
JVASP-120886,0
JVASP-117732,1
JVASP-10555,1
JVASP-135731,1
JVASP-42298,0
JVASP-116832,0
JVASP-118292,0
JVASP-8383,0
JVASP-136779,0
JVASP-136780,0
JVASP-134814,1
JVASP-57312,1
JVASP-134671,0
JVASP-143971,0
JVASP-48583,0
JVASP-116669,1
JVASP-98259,1
JVASP-47929,0
JVASP-116905,0
JVASP-104001,0
JVASP-87003,0
JVASP-46991,0
JVASP-96939,1
JVASP-119704,0
JVASP-117102,0
JVASP-44082,0
JVASP-26725,1
JVASP-20882,1
JVASP-116878,0
JVASP-147415,0
JVASP-138869,1
JVASP-43799,0
JVASP-43849,0
JVASP-148992,0
JVASP-48616,0
JVASP-147158,0
JVASP-97718,0
JVASP-21439,1
JVASP-91432,1
JVASP-141167,0
JVASP-90641,1
JVASP-99528,1
JVASP-103403,1
JVASP-115406,1
JVASP-35462,1
JVASP-38342,1
JVASP-147414,0
JVASP-92251,1
JVASP-48605,0
JVASP-2832,1
JVASP-117078,0
JVASP-43596,0
JVASP-53181,0
JVASP-43562,0
JVASP-43582,0
JVASP-87099,0
JVASP-113199,0
JVASP-59498,0
JVASP-128651,1
JVASP-102876,0
JVASP-34544,1
JVASP-146782,0
JVASP-87116,0
JVASP-121914,0
JVASP-97450,0
JVASP-148857,0
JVASP-87074,1
JVASP-43531,0
JVASP-141615,0
JVASP-41550,0
JVASP-46965,0
JVASP-146902,0
JVASP-119270,0
JVASP-25773,0
JVASP-110390,1
JVASP-103406,0
JVASP-48871,0
JVASP-114931,1
JVASP-134515,1
JVASP-57126,0
JVASP-43948,0
JVASP-100468,1
JVASP-121022,0
JVASP-7750,0
JVASP-32431,0
JVASP-112458,0
JVASP-47332,0
JVASP-146719,0
JVASP-52824,0
JVASP-54473,0
JVASP-58251,1
JVASP-146981,0
JVASP-8385,1
JVASP-142862,0
JVASP-136590,1
JVASP-144234,0
JVASP-46866,0
JVASP-108841,0
JVASP-96855,1
JVASP-42929,0
JVASP-118890,0
JVASP-118335,0
JVASP-96740,1
JVASP-42281,0
JVASP-114751,1
JVASP-114436,0
JVASP-134738,1
JVASP-42270,0
JVASP-47646,1
JVASP-78877,0
JVASP-25614,1
JVASP-48539,1
JVASP-115828,0
JVASP-45790,0
JVASP-9621,0
JVASP-97025,1
JVASP-136600,0
JVASP-92608,0
JVASP-48966,0
JVASP-92222,0
JVASP-127529,0
JVASP-8338,0
JVASP-144056,0
JVASP-22580,0
JVASP-111921,0
JVASP-139817,0
JVASP-117097,0
JVASP-101487,0
JVASP-99565,0
JVASP-153265,0
JVASP-136609,0
JVASP-140591,0
JVASP-98253,1
JVASP-120186,0
JVASP-26746,1
JVASP-134777,0
JVASP-42722,0
JVASP-24949,0
JVASP-127616,0
JVASP-144433,0
JVASP-108019,1
JVASP-111142,1
JVASP-137723,0
JVASP-107118,0
JVASP-100331,0
JVASP-20993,1
JVASP-46940,0
JVASP-97420,1
JVASP-88649,1
JVASP-139123,1
JVASP-111974,0
JVASP-30395,0
JVASP-26682,1
JVASP-63504,1
JVASP-134872,0
JVASP-143964,0
JVASP-98783,0
JVASP-110664,0
JVASP-45784,0
JVASP-25799,0
JVASP-42507,0
JVASP-21069,0
JVASP-8351,1
JVASP-35092,1
JVASP-116820,0
JVASP-36508,0
JVASP-102383,1
JVASP-114284,1
JVASP-117435,0
JVASP-120593,0
JVASP-89948,1
JVASP-134131,0
JVASP-114936,0
JVASP-143265,0
JVASP-87874,1
JVASP-153908,1
JVASP-117718,0
JVASP-44145,0
JVASP-126641,1
JVASP-104505,0
JVASP-121130,1
JVASP-118402,1
JVASP-47347,0
JVASP-138920,0
JVASP-152701,1
JVASP-11560,0
JVASP-45329,1
JVASP-142694,0
JVASP-48118,0
JVASP-45779,0
JVASP-134869,0
JVASP-25641,0
JVASP-115574,0
JVASP-52308,1
JVASP-22624,1
JVASP-43908,0
JVASP-101482,0
JVASP-134743,0
JVASP-9709,1
JVASP-38312,1
JVASP-136608,0
JVASP-47275,0
JVASP-58253,0
JVASP-146733,0
JVASP-43580,0
JVASP-146008,1
JVASP-134824,0
JVASP-141985,1
JVASP-120182,0
JVASP-141928,0
JVASP-99968,0
JVASP-138428,0
JVASP-109637,1
JVASP-134847,1
JVASP-102254,1
JVASP-88059,1
JVASP-119994,0
JVASP-34609,1
JVASP-132966,0
JVASP-14204,0
JVASP-10726,0
JVASP-138808,0
JVASP-116085,0
JVASP-120582,0
JVASP-108858,1
JVASP-29961,1
JVASP-146565,0
JVASP-35078,1
JVASP-52352,0
JVASP-10908,1
JVASP-48412,0
JVASP-57579,0
JVASP-157616,1
JVASP-48052,0
JVASP-42743,0
JVASP-115995,0
JVASP-132079,1
JVASP-134790,0
JVASP-8243,0
JVASP-47993,0
JVASP-134148,1
JVASP-2652,0
JVASP-118408,1
JVASP-46917,1
JVASP-44010,0
JVASP-62989,0
JVASP-45877,1
JVASP-120178,0
JVASP-120181,0
JVASP-8250,1
JVASP-105691,1
JVASP-117707,0
JVASP-22606,0
JVASP-150048,0
JVASP-14396,0
JVASP-107608,0
JVASP-119536,0
JVASP-142063,0
JVASP-91973,0
JVASP-119152,1
JVASP-120890,0
JVASP-42543,0
JVASP-42571,0
JVASP-107784,1
JVASP-144013,0
JVASP-101787,1
JVASP-57297,0
JVASP-117156,1
JVASP-127547,1
JVASP-33874,1
JVASP-20792,1
JVASP-38128,0
JVASP-48645,0
JVASP-145662,0
JVASP-30273,0
JVASP-118329,0
JVASP-134727,1
JVASP-2196,1
JVASP-113212,0
JVASP-134732,1
JVASP-91383,0
JVASP-138836,1
JVASP-36864,0
JVASP-22585,0
JVASP-143268,0
JVASP-113198,0
JVASP-19978,0
JVASP-97708,1
JVASP-25784,1
JVASP-114484,1
JVASP-136778,1
JVASP-92234,0
JVASP-115584,0
JVASP-102426,0
JVASP-112202,0
JVASP-122427,0
JVASP-118246,1
JVASP-8296,0
JVASP-57630,0
JVASP-112785,0
JVASP-110077,1
JVASP-150294,1
JVASP-40726,0
JVASP-38458,1
JVASP-48768,1
JVASP-48385,0
JVASP-106163,1
JVASP-43377,0
JVASP-117726,1
JVASP-127598,1
JVASP-37534,0
JVASP-42645,0
JVASP-22621,1
JVASP-21955,1
JVASP-146273,0
JVASP-95239,1
JVASP-4864,0
JVASP-146448,1
JVASP-116813,0
JVASP-113616,0
JVASP-116039,0
JVASP-100465,0
JVASP-42326,0
JVASP-127540,1
JVASP-22951,0
JVASP-139155,1
JVASP-22880,0
JVASP-30177,0
JVASP-154898,0
JVASP-120191,0
JVASP-104104,1
JVASP-26480,1
JVASP-120820,0
JVASP-142415,1
JVASP-116068,0
JVASP-47979,0
JVASP-10935,1
JVASP-132906,0
JVASP-114023,1
JVASP-46920,0
JVASP-114438,0
JVASP-47433,0
JVASP-8319,1
JVASP-43932,0
JVASP-42327,0
JVASP-123481,1
JVASP-120477,0
JVASP-140656,0
JVASP-34404,0
JVASP-142072,0
JVASP-48694,0
JVASP-133378,1
JVASP-50768,0
JVASP-50001,0
JVASP-42289,0
JVASP-136631,0
JVASP-24821,1
JVASP-142054,0
JVASP-112862,0
JVASP-46928,1
JVASP-41297,1
JVASP-144012,0
JVASP-140999,1
JVASP-105704,1
JVASP-144863,0
JVASP-42164,0
JVASP-143155,1
JVASP-44218,0
JVASP-30266,0
JVASP-136624,1
JVASP-43891,1
JVASP-109285,1
JVASP-121042,0
JVASP-48424,0
JVASP-154862,0
JVASP-119001,1
JVASP-25655,1
JVASP-118330,0
JVASP-116091,0
JVASP-102438,0
JVASP-48400,0
JVASP-22607,0
JVASP-57800,0
JVASP-48639,0
JVASP-146931,0
JVASP-11755,1
JVASP-38891,1
JVASP-105026,0
JVASP-134248,1
JVASP-141049,0
JVASP-30259,0
JVASP-138909,1
JVASP-30690,1
JVASP-138191,0
JVASP-111752,1
JVASP-42203,0
JVASP-2775,1
JVASP-32539,1
JVASP-24597,0
JVASP-144093,0
JVASP-106456,0
JVASP-25871,1
JVASP-122324,0
JVASP-134779,0
JVASP-134343,1
JVASP-37682,1
JVASP-144882,0
JVASP-118352,0
JVASP-120156,0
JVASP-142684,0
JVASP-38035,1
JVASP-118332,0
JVASP-134121,1
JVASP-133797,1
JVASP-138099,1
JVASP-110716,1
JVASP-58914,1
JVASP-120393,1
JVASP-120479,1
JVASP-40664,0
JVASP-17899,1
JVASP-106888,0
JVASP-103574,1
JVASP-112218,0
JVASP-143718,1
JVASP-44329,0
JVASP-90378,1
JVASP-34448,0
JVASP-144078,0
JVASP-152697,1
JVASP-134726,0
JVASP-109240,1
JVASP-47442,0
JVASP-110308,1
JVASP-41165,1
JVASP-106878,1
JVASP-12712,0
JVASP-5188,0
JVASP-48502,0
JVASP-100481,0
JVASP-155575,1
JVASP-85352,1
JVASP-92684,1
JVASP-40676,0
JVASP-121020,0
JVASP-42277,0
JVASP-107415,0
JVASP-91546,1
JVASP-112443,0
JVASP-46915,0
JVASP-47962,1
JVASP-111204,0
JVASP-145856,0
JVASP-57252,0
JVASP-42426,0
JVASP-133421,1
JVASP-32584,1
JVASP-24364,1
JVASP-147485,0
JVASP-22576,1
JVASP-139151,0
JVASP-147533,0
JVASP-22586,1
JVASP-118310,0
JVASP-48971,1
JVASP-12906,1
JVASP-43598,0
JVASP-139144,0
JVASP-22608,1
JVASP-90616,1
JVASP-8281,1
JVASP-122453,0
JVASP-24426,1
JVASP-24674,1
JVASP-99706,0
JVASP-100119,0
JVASP-29965,1
JVASP-135998,1
JVASP-137749,0
JVASP-96152,1
JVASP-21502,1
JVASP-136340,1
JVASP-79618,1
JVASP-24657,0
JVASP-106208,1
JVASP-118331,0
JVASP-26528,1
JVASP-145724,1
JVASP-8698,1
JVASP-144857,0
JVASP-9527,0
JVASP-48484,0
JVASP-116841,0
JVASP-53618,1
JVASP-109475,0
JVASP-154628,1
JVASP-47023,0
JVASP-78513,0
JVASP-115580,0
JVASP-110623,0
JVASP-42924,0
JVASP-42900,0
JVASP-136562,1
JVASP-53160,0
JVASP-12687,0
JVASP-134506,0
JVASP-103156,1
JVASP-52226,0
JVASP-150044,0
JVASP-33072,0
JVASP-119323,0
JVASP-116830,0
JVASP-25892,0
JVASP-34358,1
JVASP-44130,0
JVASP-46894,0
JVASP-95484,1
JVASP-137380,0
JVASP-139975,0
JVASP-144010,0
JVASP-106418,0
JVASP-104909,0
JVASP-127589,1
JVASP-22601,1
JVASP-134122,0
JVASP-132854,0
JVASP-101263,0
JVASP-138883,0
JVASP-138896,0
JVASP-110298,0
JVASP-117729,0
JVASP-128331,1
JVASP-43549,0
JVASP-106471,0
JVASP-143981,0
JVASP-43808,0
JVASP-58960,1
JVASP-44285,0
JVASP-106189,1
JVASP-87962,0
JVASP-137788,0
JVASP-109443,1
JVASP-57078,0
JVASP-116850,0
JVASP-25619,0
JVASP-57093,0
JVASP-134370,0
JVASP-43739,0
JVASP-43940,0
JVASP-155183,0
JVASP-98874,1
JVASP-96798,1
JVASP-104102,1
JVASP-116833,0
JVASP-147721,0
JVASP-32420,0
JVASP-48933,0
JVASP-48474,1
JVASP-143643,1
JVASP-42701,0
JVASP-48953,0
JVASP-134834,1
JVASP-52430,1
JVASP-108579,0
JVASP-133771,1
JVASP-138846,1
JVASP-105612,0
JVASP-146614,0
JVASP-151212,0
JVASP-112430,0
JVASP-91677,1
JVASP-12730,0
JVASP-119750,0
JVASP-135743,1
JVASP-134749,0
JVASP-142478,0
JVASP-138922,0
JVASP-47274,0
JVASP-30581,1
JVASP-121126,1
JVASP-30256,0
JVASP-139670,0
JVASP-85542,1
JVASP-102838,0
JVASP-144079,0
JVASP-138791,1
JVASP-102404,1
JVASP-145280,1
JVASP-118349,1
JVASP-121783,0
JVASP-48128,0
JVASP-120583,0
JVASP-122370,0
JVASP-43430,0
JVASP-52304,0
JVASP-9125,1
JVASP-155574,1
JVASP-24390,0
JVASP-48018,0
JVASP-102851,0
JVASP-145265,1
JVASP-118409,1
JVASP-48433,0
JVASP-104805,0
JVASP-147440,0
JVASP-109105,1
JVASP-146001,0
JVASP-106899,1
JVASP-117305,0
JVASP-48005,0
JVASP-57808,0
JVASP-33758,1
JVASP-10118,1
JVASP-48421,0
JVASP-124651,1
JVASP-142036,1
JVASP-22514,0
JVASP-62999,1
JVASP-114024,0
JVASP-146695,1
JVASP-146572,0
JVASP-57539,0
JVASP-42739,0
JVASP-11315,0
JVASP-48482,0
JVASP-24872,0
JVASP-3099,0
JVASP-24447,1
JVASP-127604,1
JVASP-136626,0
JVASP-8302,1
JVASP-138908,1
JVASP-29963,1
JVASP-43647,0
JVASP-123921,0
JVASP-145773,0
JVASP-134770,0
JVASP-92436,1
JVASP-145369,1
JVASP-32943,1
JVASP-102412,1
JVASP-133631,0
JVASP-52326,0
JVASP-107595,1
JVASP-42370,0
JVASP-58959,1
JVASP-116607,1
JVASP-10963,1
JVASP-48686,0
JVASP-150734,1
JVASP-106171,0
JVASP-127583,1
JVASP-139135,1
JVASP-119267,0
JVASP-52561,1
JVASP-127570,1
JVASP-33313,1
JVASP-144473,1
JVASP-57095,1
JVASP-140986,0
JVASP-102267,1
JVASP-36980,1
JVASP-11152,1
JVASP-100842,0
JVASP-147190,1
JVASP-110084,1
JVASP-59696,0
JVASP-42928,0
JVASP-101739,1
JVASP-95994,0
JVASP-118303,0
JVASP-25621,0
JVASP-22597,1
JVASP-102084,1
JVASP-150165,0
JVASP-12342,0
JVASP-145664,0
JVASP-18125,1
JVASP-119083,1
JVASP-29739,1
JVASP-25020,1
JVASP-141612,0
JVASP-104793,0
JVASP-125681,1
JVASP-44049,0
JVASP-120148,0
JVASP-107389,1
JVASP-120599,0
JVASP-120752,0
JVASP-47119,0
JVASP-42529,0
JVASP-146018,0
JVASP-119425,0
JVASP-42730,0
JVASP-134863,0
JVASP-119378,0
JVASP-97435,1
JVASP-151172,1
JVASP-138693,0
JVASP-138897,0
JVASP-144775,0
JVASP-144425,0
JVASP-22612,0
JVASP-57154,1
JVASP-34459,1
JVASP-141659,0
JVASP-21486,1
JVASP-12919,1
JVASP-48805,0
JVASP-147444,0
JVASP-53152,1
JVASP-133655,0
JVASP-136346,1
JVASP-42566,0
JVASP-119946,0
JVASP-114028,1
JVASP-150747,1
JVASP-52370,0
JVASP-46971,0
JVASP-143995,0
JVASP-107844,1
JVASP-8824,0
JVASP-2157,0
JVASP-52271,1
JVASP-122390,0
JVASP-136335,0
JVASP-11302,0
JVASP-118285,1
JVASP-62733,0
JVASP-96394,1
JVASP-133684,0
JVASP-143582,0
JVASP-121935,0
JVASP-17900,1
JVASP-43668,0
JVASP-110318,1
JVASP-48361,0
JVASP-48313,0
JVASP-48462,1
JVASP-16408,1
JVASP-111237,0
JVASP-139089,0
JVASP-112209,0
JVASP-144048,0
JVASP-43058,0
JVASP-113115,0
JVASP-34591,1
JVASP-47972,0
JVASP-57160,0
JVASP-56628,0
JVASP-141081,1
JVASP-149903,1
JVASP-108862,1
JVASP-138884,1
JVASP-141580,0
JVASP-102848,0
JVASP-127551,1
JVASP-9536,0
JVASP-152236,0
JVASP-140621,0
JVASP-152228,0
JVASP-52334,0
JVASP-139156,1
JVASP-138090,1
JVASP-121300,1
JVASP-43823,0
JVASP-21717,1
JVASP-121021,0
JVASP-110200,1
JVASP-44431,0
JVASP-115996,0
JVASP-9521,0
JVASP-3264,1
JVASP-24429,1
JVASP-136628,0
JVASP-42396,0
JVASP-121547,0
JVASP-30290,0
JVASP-30616,1
JVASP-108177,0
JVASP-121127,0
JVASP-57550,1
JVASP-26527,1
JVASP-22446,0
JVASP-52250,1
JVASP-43816,0
JVASP-95591,1
JVASP-34831,0
JVASP-29472,0
JVASP-133278,1
JVASP-121880,1
JVASP-8540,1
JVASP-118308,0
JVASP-87239,0
JVASP-91446,1
JVASP-103552,1
JVASP-135711,0
JVASP-38029,0
JVASP-136558,0
JVASP-42812,0
JVASP-150483,1
JVASP-118737,0
JVASP-48049,0
JVASP-32540,0
JVASP-4471,0
JVASP-145310,0
JVASP-134143,0
JVASP-141753,1
JVASP-141341,1
JVASP-138855,0
JVASP-14411,1
JVASP-109236,1
JVASP-10119,1
JVASP-154749,1
JVASP-5122,0
JVASP-109417,0
JVASP-103739,1
JVASP-43018,0
JVASP-43450,0
JVASP-47721,1
JVASP-52662,1
JVASP-32242,0
JVASP-38092,1
JVASP-21994,0
JVASP-11297,0
JVASP-144861,1
JVASP-43805,0
JVASP-45249,0
JVASP-48712,0
JVASP-46782,0
JVASP-47738,1
JVASP-144251,0
JVASP-44147,0
JVASP-42334,0
JVASP-152509,1
JVASP-139165,1
JVASP-42331,0
JVASP-42672,0
JVASP-92985,1
JVASP-112812,0
JVASP-134851,1
JVASP-48913,0
JVASP-128741,0
JVASP-43375,0
JVASP-17265,1
JVASP-134731,0
JVASP-121915,0
JVASP-42513,0
JVASP-42199,0
JVASP-52491,1
JVASP-47956,0
JVASP-117712,0
JVASP-138936,0
JVASP-24464,0
JVASP-143954,0
JVASP-142178,0
JVASP-57107,1
JVASP-46697,0
JVASP-50769,1
JVASP-140669,0
JVASP-52242,1
JVASP-8384,1
JVASP-119046,0
JVASP-136341,0
JVASP-21551,1
JVASP-134774,0
JVASP-112819,0
JVASP-126225,0
JVASP-36975,0
JVASP-38085,1
JVASP-143977,0
JVASP-148972,0
JVASP-53573,1
JVASP-21506,0
JVASP-12690,0
JVASP-47035,0
JVASP-2106,1
JVASP-22716,0
JVASP-147442,0
JVASP-138795,1
JVASP-9595,0
JVASP-92607,1
JVASP-45853,0
JVASP-147130,0
JVASP-1245,1
JVASP-114427,0
JVASP-117094,0
JVASP-107627,1
JVASP-34652,1
JVASP-118739,0
JVASP-3801,1
JVASP-30287,0
JVASP-115572,0
JVASP-50719,1
JVASP-135084,1
JVASP-144085,0
JVASP-11322,1
JVASP-95442,1
JVASP-10105,0
JVASP-42809,1
JVASP-59641,0
JVASP-136617,1
JVASP-118328,0
JVASP-42423,0
JVASP-116058,0
JVASP-32438,0
JVASP-138865,0
JVASP-11299,1
JVASP-8294,0
JVASP-114429,0
JVASP-16001,0
JVASP-146540,0
JVASP-99265,1
JVASP-58438,0
JVASP-3579,0
JVASP-24644,1
JVASP-90402,1
JVASP-102731,1
JVASP-99685,1
JVASP-22532,1
JVASP-144444,1
JVASP-3618,0
JVASP-95609,0
JVASP-103553,0
JVASP-107133,1
JVASP-145970,0
JVASP-146904,0
JVASP-121507,1
JVASP-119366,0
JVASP-134341,1
JVASP-25605,0
JVASP-134147,1
JVASP-150445,1
JVASP-51385,1
JVASP-109416,1
JVASP-114210,0
JVASP-61527,0
JVASP-144020,0
JVASP-112757,0
JVASP-151725,1
JVASP-78630,0
JVASP-48685,0
JVASP-120177,0
JVASP-29742,0
JVASP-34786,1
JVASP-38635,0
JVASP-139158,0
JVASP-11485,1
JVASP-27537,1
JVASP-5341,1
JVASP-139085,0
JVASP-154234,1
JVASP-139128,0
JVASP-97436,0
JVASP-31179,1
JVASP-145577,0
JVASP-117588,1
JVASP-138552,1
JVASP-58403,1
JVASP-22699,0
JVASP-58373,1
JVASP-128241,0
JVASP-136320,1
JVASP-118281,1
JVASP-109117,1
JVASP-26455,0
JVASP-146626,0
JVASP-143164,0
JVASP-143128,1
JVASP-107136,1
JVASP-138929,1
JVASP-110340,1
JVASP-43732,0
JVASP-139148,0
JVASP-100572,1
JVASP-140592,0
JVASP-11421,1
JVASP-110393,0
JVASP-46665,0
JVASP-25550,1
JVASP-92646,0
JVASP-17302,1
JVASP-148355,1
JVASP-38070,1
JVASP-48170,0
JVASP-30476,0
JVASP-109255,0
JVASP-151698,1
JVASP-42122,1
JVASP-138881,0
JVASP-113596,0
JVASP-106404,0
JVASP-136324,0
JVASP-43958,0
JVASP-121724,0
JVASP-121029,0
JVASP-25903,1
JVASP-2151,0
JVASP-134713,1
JVASP-136540,0
JVASP-21944,0
JVASP-97448,1
JVASP-136528,1
JVASP-59483,1
JVASP-13976,1
JVASP-22622,0
JVASP-112774,0
JVASP-23033,1
JVASP-22629,0
JVASP-118279,0
JVASP-8315,1
JVASP-90623,1
JVASP-109459,0
JVASP-46674,0
JVASP-20992,1
JVASP-154449,0
JVASP-145944,0
JVASP-116514,0
JVASP-118280,0
JVASP-117589,0
JVASP-136349,0
JVASP-111471,1
JVASP-120584,0
JVASP-134758,1
JVASP-44255,0
JVASP-136638,0
JVASP-22566,1
JVASP-141567,0
JVASP-133125,1
JVASP-21453,1
JVASP-24554,1
JVASP-122343,0
JVASP-32414,1
JVASP-46777,0
JVASP-47242,0
JVASP-48948,0
JVASP-8191,1
JVASP-112450,0
JVASP-134864,0
JVASP-62982,1
JVASP-108022,1
JVASP-107111,1
JVASP-42542,0
JVASP-31149,1
JVASP-9526,0
JVASP-48878,0
JVASP-13085,1
JVASP-144750,1
JVASP-11316,0
JVASP-138827,0
JVASP-30669,0
JVASP-22587,0
JVASP-52321,0
JVASP-42413,0
JVASP-57819,0
JVASP-29413,0
JVASP-99721,1
JVASP-136321,1
JVASP-135747,1
JVASP-111943,0
JVASP-121811,0
JVASP-100629,1
JVASP-127536,1
JVASP-30366,0
JVASP-121749,0
JVASP-9391,1
JVASP-134791,0
JVASP-42923,0
JVASP-57796,0
JVASP-115931,0
JVASP-112444,0
JVASP-42811,0
JVASP-57501,1
JVASP-57591,0
JVASP-108056,1
JVASP-116080,0
JVASP-102301,1
JVASP-2916,0
JVASP-47086,0
JVASP-100928,1
JVASP-86554,1
JVASP-22530,1
JVASP-139859,0
JVASP-48475,0
JVASP-119374,0
JVASP-10775,1
JVASP-43437,0
JVASP-133798,1
JVASP-30260,0
JVASP-31809,1
JVASP-95008,1
JVASP-93549,1
JVASP-51415,0
JVASP-112579,1
JVASP-91731,0
JVASP-122369,0
JVASP-111941,0
JVASP-114925,1
JVASP-118325,0
JVASP-136544,0
JVASP-57570,0
JVASP-48426,0
JVASP-57849,1
JVASP-138803,1
JVASP-9382,0
JVASP-22421,0
JVASP-38026,0
JVASP-11158,1
JVASP-136612,0
JVASP-136338,1
JVASP-116088,0
JVASP-141150,0
JVASP-142583,0
JVASP-42249,0
JVASP-105621,0
JVASP-45813,0
JVASP-105327,0
JVASP-154037,1
JVASP-134354,0
JVASP-134865,0
JVASP-2316,0
JVASP-118333,0
JVASP-117015,0
JVASP-43681,0
JVASP-119354,0
JVASP-99413,1
JVASP-102082,0
JVASP-42451,0
JVASP-134808,1
JVASP-48428,0
JVASP-96084,1
JVASP-146045,1
JVASP-42367,0
JVASP-48575,0
JVASP-134775,0
JVASP-128412,1
JVASP-134845,0
JVASP-11523,0
JVASP-108974,0
JVASP-51344,1
JVASP-118242,0
JVASP-116024,0
JVASP-59918,0
JVASP-134876,0
JVASP-122323,0
JVASP-127615,1
JVASP-105630,0
JVASP-92605,0
JVASP-29522,0
JVASP-11572,1
JVASP-151013,0
JVASP-113430,0
JVASP-121752,0
JVASP-118784,1
JVASP-8355,1
JVASP-42837,0
JVASP-138814,0
JVASP-108185,0
JVASP-44070,1
JVASP-142668,0
JVASP-44063,0
JVASP-136093,0
JVASP-63018,1
JVASP-134733,0
JVASP-140657,0
JVASP-121011,1
JVASP-150074,0
JVASP-36949,1
JVASP-46700,1
JVASP-44250,0
JVASP-8317,0
JVASP-149914,1
JVASP-119306,0
JVASP-118267,0
JVASP-99038,1
JVASP-97684,0
JVASP-121474,1
JVASP-63832,1
JVASP-57079,0
JVASP-87240,1
JVASP-36988,0
JVASP-143278,0
JVASP-125200,1
JVASP-25035,0
JVASP-142060,0
JVASP-96885,0
JVASP-102058,1
JVASP-36996,0
JVASP-98799,1
JVASP-111989,0
JVASP-136567,0
JVASP-110509,0
JVASP-21452,0
JVASP-112803,1
JVASP-133566,0
JVASP-115578,1
JVASP-19693,0
JVASP-45920,0
JVASP-136601,0
JVASP-119752,0
JVASP-99694,0
JVASP-24907,0
JVASP-43888,1
JVASP-122105,0
JVASP-134522,1
JVASP-138859,1
JVASP-150285,1
JVASP-119395,0
JVASP-138898,0
JVASP-108187,0
JVASP-21785,1
JVASP-118239,1
JVASP-121912,0
JVASP-43105,0
JVASP-93511,1
JVASP-108861,0
JVASP-20821,1
JVASP-146945,0
JVASP-32241,0
JVASP-44230,0
JVASP-122392,0
JVASP-48922,0
JVASP-33330,1
JVASP-132927,1
JVASP-8251,1
JVASP-121036,1
JVASP-137719,0
JVASP-121708,0
JVASP-134821,1
JVASP-35258,1
JVASP-48165,0
JVASP-42155,1
JVASP-139900,0
JVASP-57071,1
JVASP-147439,0
JVASP-47336,0
JVASP-48579,0
JVASP-155306,0
JVASP-22603,1
JVASP-47063,0
JVASP-48167,1
JVASP-30618,0
JVASP-27213,1
JVASP-138694,0
JVASP-141297,1
JVASP-48017,1
JVASP-141196,1
JVASP-152862,0
JVASP-121784,0
JVASP-25616,0
JVASP-8356,0
JVASP-121030,0
JVASP-98785,0
JVASP-107397,0
JVASP-42445,0
JVASP-144410,1
JVASP-36884,0
JVASP-116089,0
JVASP-42683,0
JVASP-21143,1
JVASP-22519,0
JVASP-118274,0
JVASP-153909,1
JVASP-99593,0
JVASP-50671,1
JVASP-143583,0
JVASP-38103,1
JVASP-116020,0
JVASP-13917,1
JVASP-52371,0
JVASP-90791,1
JVASP-113026,1
JVASP-120885,0
JVASP-8382,0
JVASP-20952,1
JVASP-34547,0
JVASP-140655,0
JVASP-142098,1
JVASP-133621,0
JVASP-141610,0
JVASP-107810,0
JVASP-91965,1
JVASP-147160,0
JVASP-144345,0
JVASP-42488,0
JVASP-138811,0
JVASP-120165,0
JVASP-36921,1
JVASP-22710,0
JVASP-118294,0
JVASP-147137,0
JVASP-134833,0
JVASP-42759,0
JVASP-47022,0
JVASP-118785,1
JVASP-42764,0
JVASP-42930,0
JVASP-134667,1
JVASP-43684,1
JVASP-90064,1
JVASP-148821,0
JVASP-136646,0
JVASP-106800,0
JVASP-112122,0
JVASP-134816,0
JVASP-144868,0
JVASP-21485,1
JVASP-32393,1
JVASP-144062,0
JVASP-25797,1
JVASP-100056,0
JVASP-90505,1
JVASP-151995,1
JVASP-116565,1
JVASP-145643,0
JVASP-136595,0
JVASP-145808,1
JVASP-102828,0
JVASP-138438,1
JVASP-150705,1
JVASP-57838,0
JVASP-108573,0
JVASP-145591,0
JVASP-36976,1
JVASP-140605,0
JVASP-12754,0
JVASP-24245,0
JVASP-116836,0
JVASP-43803,0
JVASP-155573,0
JVASP-21494,1
JVASP-45301,0
JVASP-47989,0
JVASP-40655,0
JVASP-144266,0
JVASP-8777,1
JVASP-140978,0
JVASP-145600,0
JVASP-137224,0
JVASP-30299,0
JVASP-134711,1
JVASP-109434,0
JVASP-144634,1
JVASP-144051,1
JVASP-43735,0
JVASP-117591,0
JVASP-22595,0
JVASP-101516,1
JVASP-147425,0
JVASP-109226,0
JVASP-100086,0
JVASP-134336,1
JVASP-119499,0
JVASP-20800,0
JVASP-25522,0
JVASP-136758,1
JVASP-121791,0
JVASP-121332,1
JVASP-143541,1
JVASP-142711,0
JVASP-111634,0
JVASP-138065,1
JVASP-140619,0
JVASP-102250,0
JVASP-144884,0
JVASP-88673,0
JVASP-2880,1
JVASP-143961,0
JVASP-141732,1
JVASP-100557,1
JVASP-93667,0
JVASP-10075,0
JVASP-114994,0
JVASP-116847,0
JVASP-121124,1
JVASP-45767,0
JVASP-134659,0
JVASP-22520,1
JVASP-144058,0
JVASP-113214,0
JVASP-30292,0
JVASP-93280,0
JVASP-9479,0
JVASP-115933,0
JVASP-96784,0
JVASP-99620,0
JVASP-33058,1
JVASP-116073,1
JVASP-2889,0
JVASP-116065,0
JVASP-42365,0
JVASP-120440,0
JVASP-117597,0
JVASP-91239,0
JVASP-121121,1
JVASP-10994,1
JVASP-42970,0
JVASP-57781,1
JVASP-138104,0
JVASP-8100,1
JVASP-109232,1
JVASP-149256,0
JVASP-135744,1
JVASP-95707,1
JVASP-30384,0
JVASP-116839,0
JVASP-138941,0
JVASP-136350,1
JVASP-91856,1
JVASP-42646,0
JVASP-22539,1
JVASP-138854,0
JVASP-136781,1
JVASP-101480,0
JVASP-44779,0
JVASP-153279,1
JVASP-121005,0
JVASP-25204,1
JVASP-53414,1
JVASP-144862,0
JVASP-143992,1
JVASP-116050,1
JVASP-116008,0
JVASP-47960,0
JVASP-152867,1
JVASP-30689,1
JVASP-42455,0
JVASP-152804,0
JVASP-8314,0
JVASP-31799,1
JVASP-134346,0
JVASP-132896,0
JVASP-144780,0
JVASP-131730,1
JVASP-100897,1
JVASP-10145,0
JVASP-33064,1
JVASP-39190,1
JVASP-9535,0
JVASP-57174,0
JVASP-150108,0
JVASP-157793,0
JVASP-147453,0
JVASP-118238,0
JVASP-57551,1
JVASP-36885,0
JVASP-152931,0
JVASP-22718,0
JVASP-117290,0
JVASP-30145,0
JVASP-104558,1
JVASP-117715,1
JVASP-116828,0
JVASP-98540,0
JVASP-105083,0
JVASP-21013,1
JVASP-42619,0
JVASP-141157,0
JVASP-48630,0
JVASP-133676,0
JVASP-7787,0
JVASP-144871,0
JVASP-146537,0
JVASP-152723,1
JVASP-3282,1
JVASP-48543,0
JVASP-13963,0
JVASP-2484,0
JVASP-141056,0
JVASP-122327,0
JVASP-118272,0
JVASP-2718,1
JVASP-114440,1
JVASP-136559,0
JVASP-143997,0
JVASP-117713,1
JVASP-102835,1
JVASP-99591,1
JVASP-144764,0
JVASP-30064,1
JVASP-22717,0
JVASP-139903,0
JVASP-113426,0
JVASP-29983,0
JVASP-14902,1
JVASP-43556,0
JVASP-133639,0
JVASP-20128,1
JVASP-96993,1
JVASP-44056,0
JVASP-134672,0
JVASP-10029,1
JVASP-110357,0
JVASP-34490,1
JVASP-138905,1
JVASP-127539,1
JVASP-43910,0
JVASP-140988,0
JVASP-42679,0
JVASP-142627,0
JVASP-109251,0
JVASP-104882,0
JVASP-98257,1
JVASP-120150,0
JVASP-89367,1
JVASP-118302,0
JVASP-106669,1
JVASP-30246,0
JVASP-42431,0
JVASP-99726,0
JVASP-99527,1
JVASP-25592,1
JVASP-34389,0
JVASP-43905,0
JVASP-90532,0
JVASP-47923,0
JVASP-120396,0
JVASP-41425,0
JVASP-94901,0
JVASP-52282,1
JVASP-150250,1
JVASP-11401,0
JVASP-141630,0
JVASP-87256,0
JVASP-107590,0
JVASP-143102,1
JVASP-144059,0
JVASP-25599,1
JVASP-22719,1
JVASP-145791,0
JVASP-52863,1
JVASP-11321,0
JVASP-46869,0
JVASP-134752,1
JVASP-145588,0
JVASP-106465,0
JVASP-106414,1
JVASP-44780,0
JVASP-134867,0
JVASP-118291,0
JVASP-43636,0
JVASP-47083,0
JVASP-46693,0
JVASP-43733,0
JVASP-134860,0
JVASP-151157,1
JVASP-62179,1
JVASP-52432,1
JVASP-62724,1
JVASP-140584,0
JVASP-34340,0
JVASP-141454,1
JVASP-95566,1
JVASP-10141,0
JVASP-102444,1
JVASP-20862,1
JVASP-109832,0
JVASP-138895,0
JVASP-48425,0
JVASP-144267,0
JVASP-112204,0
JVASP-108116,0
JVASP-134823,1
JVASP-22698,1
JVASP-140902,0
JVASP-138866,0
JVASP-126471,0
JVASP-51378,1
JVASP-135239,1
JVASP-30261,0
JVASP-134679,1
JVASP-91456,0
JVASP-30692,0
JVASP-119248,1
JVASP-107400,1
JVASP-115829,0
JVASP-48945,0
JVASP-142662,1
JVASP-12727,1
JVASP-118347,0
JVASP-11163,0
JVASP-121134,1
JVASP-113592,0
JVASP-101474,0
JVASP-119744,0
JVASP-116875,0
JVASP-39329,1
JVASP-91402,1
JVASP-134719,0
JVASP-52187,1
JVASP-109899,1
JVASP-38033,1
JVASP-88690,0
JVASP-147301,1
JVASP-134658,1
JVASP-32238,1
JVASP-48925,0
JVASP-11211,0
JVASP-48458,0
JVASP-42536,0
JVASP-134765,0
JVASP-100588,0
JVASP-3789,1
JVASP-43762,0
JVASP-144063,0
JVASP-136342,0
JVASP-122320,0
JVASP-132897,0
JVASP-21570,1
JVASP-136347,1
JVASP-30178,0
JVASP-133218,0
JVASP-42176,0
JVASP-147489,0
JVASP-105585,0
JVASP-145841,0
JVASP-127555,1
JVASP-127558,1
JVASP-112467,1
JVASP-48181,0
JVASP-150178,1
JVASP-134516,1
JVASP-9921,1
JVASP-52238,1
JVASP-30511,0
JVASP-94278,0
JVASP-110098,1
JVASP-111236,0
JVASP-42913,0
JVASP-143124,1
JVASP-122535,0
JVASP-31013,1
JVASP-34316,1
JVASP-94815,1
JVASP-117598,1
JVASP-8361,1
JVASP-116374,0
JVASP-57545,0
JVASP-42220,0
JVASP-143805,0
JVASP-112462,0
JVASP-48133,0
JVASP-38814,1
JVASP-25812,1
JVASP-134744,1
JVASP-30170,0
JVASP-24282,1
JVASP-118311,0
JVASP-144434,1
JVASP-63514,1
JVASP-133287,0
JVASP-140278,0
JVASP-78629,0
JVASP-48750,0
JVASP-112420,0
JVASP-116782,1
JVASP-23865,0
JVASP-32512,1
JVASP-127607,0
JVASP-56659,0
JVASP-117361,1
JVASP-120159,0
JVASP-101539,1
JVASP-14282,0
JVASP-25551,1
JVASP-99475,0
JVASP-99873,1
JVASP-117322,0
JVASP-34474,0
JVASP-137899,0
JVASP-144087,0
JVASP-89379,1
JVASP-117583,0
JVASP-26666,0
JVASP-53552,0
JVASP-134789,0
JVASP-135742,1
JVASP-56666,0
JVASP-120188,0
JVASP-46983,1
JVASP-134856,1
JVASP-48578,0
JVASP-122514,0
JVASP-59541,1
JVASP-138914,0
JVASP-134756,1
JVASP-17304,1
JVASP-114934,0
JVASP-116849,0
JVASP-143646,1
JVASP-116078,0
JVASP-108978,0
JVASP-121788,0
JVASP-133685,0
JVASP-133219,0
JVASP-117587,0
JVASP-153189,1
JVASP-138833,1
JVASP-48806,0
JVASP-137806,0
JVASP-32634,0
JVASP-133791,1
JVASP-12114,0
JVASP-48955,0
JVASP-122357,0
JVASP-155564,0
JVASP-91858,1
JVASP-113240,0
JVASP-142847,0
JVASP-9428,0
JVASP-120395,0
JVASP-37945,1
JVASP-122358,0
JVASP-52768,0
JVASP-12018,1
JVASP-46867,1
JVASP-95437,1
JVASP-32146,0
JVASP-43673,0
JVASP-44148,0
JVASP-139137,1
JVASP-46959,0
JVASP-112814,0
JVASP-52574,0
JVASP-144258,0
JVASP-127569,0
JVASP-142180,1
JVASP-22615,0
JVASP-36889,1
JVASP-117443,0
JVASP-147133,0
JVASP-110324,0
JVASP-97629,1
JVASP-30574,1
JVASP-153216,1
JVASP-106470,1
JVASP-115827,0
JVASP-44789,0
JVASP-48624,0
JVASP-24951,1
JVASP-118243,1
JVASP-47306,0
JVASP-100576,1
JVASP-155296,0
JVASP-25625,0
JVASP-127577,1
JVASP-134832,0
JVASP-117041,1
JVASP-16042,0
JVASP-43005,0
JVASP-118282,0
JVASP-137388,1
JVASP-134345,1
JVASP-112787,1
JVASP-45921,0
JVASP-17357,1
JVASP-136334,1
JVASP-47705,0
JVASP-138720,1
JVASP-143880,1
JVASP-25886,0
JVASP-10687,0
JVASP-110336,1
JVASP-11052,1
JVASP-134722,1
JVASP-7792,1
JVASP-139893,0
JVASP-26431,0
JVASP-138870,0
JVASP-9444,1
JVASP-42674,0
JVASP-136560,0
JVASP-11604,0
JVASP-121911,0
JVASP-120592,0
JVASP-139159,0
JVASP-52525,1
JVASP-46804,1
JVASP-95767,1
JVASP-145585,1
JVASP-22904,1
JVASP-117082,0
JVASP-39483,1
JVASP-25000,0
JVASP-21525,0
JVASP-138407,1
JVASP-134347,1
JVASP-145831,1
JVASP-113259,0
JVASP-26742,1
JVASP-133700,1
JVASP-136561,0
JVASP-110428,1
JVASP-14072,1
JVASP-96877,1
JVASP-46829,0
JVASP-118350,0
JVASP-25205,1
JVASP-90889,1
JVASP-116795,1
JVASP-57274,0
JVASP-57534,0
JVASP-9419,1
JVASP-144492,0
JVASP-8327,0
JVASP-99722,0
JVASP-136548,0
JVASP-121298,1
JVASP-117072,0
JVASP-91433,1
JVASP-154453,1
JVASP-129576,0
JVASP-38047,1
JVASP-20202,1
JVASP-52295,0
JVASP-109881,0
JVASP-121736,0
JVASP-113258,0
JVASP-42285,0
JVASP-20835,1
JVASP-44242,0
JVASP-115570,0
JVASP-44785,0
JVASP-11164,0
JVASP-42614,0
JVASP-137898,1
JVASP-144593,0
JVASP-43884,0
JVASP-21618,0
JVASP-141831,0
JVASP-48669,0
JVASP-48623,0
JVASP-52786,0
JVASP-42818,0
JVASP-34668,0
JVASP-47301,1
JVASP-48160,0
JVASP-48114,1
JVASP-42728,0
JVASP-52577,0
JVASP-42707,0
JVASP-127971,1
JVASP-42647,0
JVASP-48340,1
JVASP-155561,1
JVASP-31156,0
JVASP-57563,1
JVASP-23973,0
JVASP-91424,0
JVASP-103083,1
JVASP-47331,0
JVASP-44319,0
JVASP-154369,0
JVASP-119370,0
JVASP-47061,0
JVASP-32677,1
JVASP-46997,0
JVASP-89179,1
JVASP-45831,0
JVASP-43880,0
JVASP-50744,1
JVASP-52381,0
JVASP-134844,0
JVASP-101517,1
JVASP-103167,0
JVASP-145216,0
JVASP-48311,0
JVASP-106389,1
JVASP-121738,0
JVASP-22594,1
JVASP-17509,1
JVASP-113437,1
JVASP-136614,1
JVASP-135238,0
JVASP-110228,0
JVASP-118298,0
JVASP-42485,0
JVASP-120184,0
JVASP-116455,1
JVASP-14063,1
JVASP-134794,0
JVASP-11274,0
JVASP-138721,0
JVASP-114454,1
JVASP-100637,0
JVASP-48941,0
JVASP-144066,0
JVASP-102083,0
JVASP-111986,0
JVASP-42214,0
JVASP-143993,0
JVASP-120172,0
JVASP-115826,0
JVASP-10148,1
JVASP-48930,0
JVASP-96809,0
JVASP-101258,1
JVASP-30609,0
JVASP-8238,1
JVASP-11189,0
JVASP-125841,0
JVASP-133671,0
JVASP-142872,0
JVASP-147649,0
JVASP-42251,0
JVASP-104773,0
JVASP-98619,1
JVASP-22386,1
JVASP-24305,0
JVASP-108979,1
JVASP-117414,0
JVASP-40666,0
JVASP-142092,0
JVASP-123800,1
JVASP-40906,1
JVASP-115928,0
JVASP-140611,0
JVASP-57802,1
JVASP-24279,1
JVASP-48459,0
JVASP-34381,1
JVASP-22945,1
JVASP-136541,0
JVASP-89227,1
JVASP-48978,0
JVASP-91457,0
JVASP-95719,1
JVASP-42540,0
JVASP-30598,0
JVASP-145665,0
JVASP-118323,0
JVASP-98158,1
JVASP-106417,0
JVASP-113593,0
JVASP-111638,0
JVASP-114534,1
JVASP-134766,1
JVASP-47262,0
JVASP-114029,1
JVASP-8316,0
JVASP-138847,1
JVASP-47094,0
JVASP-103210,0
JVASP-117585,1
JVASP-119742,0
JVASP-141568,0
JVASP-91840,0
JVASP-45782,0
JVASP-61278,0
JVASP-52285,1
JVASP-137744,0
JVASP-29335,0
JVASP-155569,1
JVASP-147711,1
JVASP-30643,1
JVASP-142556,0
JVASP-116874,0
JVASP-48921,0
JVASP-20822,1
JVASP-97929,0
JVASP-90347,1
JVASP-48092,0
JVASP-117717,0
JVASP-112188,0
JVASP-38069,1
JVASP-57554,0
JVASP-2301,0
JVASP-48096,0
JVASP-1591,1
JVASP-2289,1
JVASP-147551,0
JVASP-129956,1
JVASP-48917,0
JVASP-127576,1
JVASP-118265,0
JVASP-58258,0
JVASP-58994,0
JVASP-11724,0
JVASP-140641,0
JVASP-121404,0
JVASP-120149,1
JVASP-21161,1
JVASP-91244,0
JVASP-17898,1
JVASP-3180,1
JVASP-42193,0
JVASP-34480,1
JVASP-141856,0
JVASP-12503,1
JVASP-142181,1
JVASP-145874,0
JVASP-114825,1
JVASP-19072,0
JVASP-52303,1
JVASP-134822,1
JVASP-2712,1
JVASP-118270,0
JVASP-112764,1
JVASP-108848,1
JVASP-117728,1
JVASP-48505,0
JVASP-109233,0
JVASP-148401,0
JVASP-57777,1
JVASP-133576,0
JVASP-53171,1
JVASP-141661,0
JVASP-137284,1
JVASP-44055,0
JVASP-134740,0
JVASP-104010,0
JVASP-107853,1
JVASP-57587,0
JVASP-114209,0
JVASP-144196,1
JVASP-113221,0
JVASP-47370,0
JVASP-25743,0
JVASP-26524,1
JVASP-44266,0
JVASP-116879,0
JVASP-48591,0
JVASP-112434,0
JVASP-117411,0
JVASP-57792,0
JVASP-137261,0
JVASP-42415,0
JVASP-141053,0
JVASP-47334,0
JVASP-36977,0
JVASP-108968,0
JVASP-42816,0
JVASP-144249,0
JVASP-120411,0
JVASP-138679,1
JVASP-138440,0
JVASP-37782,0
JVASP-57510,1
JVASP-100589,1
JVASP-91233,0
JVASP-102382,1
JVASP-34642,0
JVASP-86339,0
JVASP-116453,0
JVASP-116976,1
JVASP-144519,1
JVASP-120166,1
JVASP-144421,0
JVASP-87022,1
JVASP-48066,0
JVASP-127740,0
JVASP-34393,1
JVASP-136351,1
JVASP-141654,0
JVASP-34684,0
JVASP-97452,0
JVASP-118735,1
JVASP-109445,0
JVASP-24912,1
JVASP-112189,0
JVASP-98719,0
JVASP-43890,0
JVASP-107585,0
JVASP-35218,0
JVASP-88734,0
JVASP-48572,0
JVASP-43527,0
JVASP-17897,1
JVASP-142874,0
JVASP-118892,0
JVASP-141039,0
JVASP-133623,0
JVASP-26510,0
JVASP-114992,1
JVASP-103199,0
JVASP-91610,1
JVASP-145666,0
JVASP-100579,1
JVASP-57127,0
JVASP-50672,1
JVASP-107138,1
JVASP-133332,1
JVASP-101499,1
JVASP-114030,0
JVASP-48697,0
JVASP-120143,0
JVASP-42336,0
JVASP-99689,1
JVASP-10993,1
JVASP-118587,0
JVASP-109876,1
JVASP-139813,0
JVASP-113197,1
JVASP-48445,0
JVASP-115405,0
JVASP-32296,1
JVASP-16201,1
JVASP-91412,1
JVASP-42170,0
JVASP-32689,1
JVASP-134762,1
JVASP-3417,1
JVASP-127534,1
JVASP-12127,0
JVASP-95380,1
JVASP-146629,1
JVASP-150486,1
JVASP-42291,0
JVASP-149643,1
JVASP-22605,0
JVASP-48169,0
JVASP-47311,1
JVASP-57827,1
JVASP-107794,1
JVASP-43652,0
JVASP-120194,0
JVASP-106468,1
JVASP-97861,1
JVASP-88037,0
JVASP-51363,1
JVASP-120183,0
JVASP-42362,0
JVASP-105102,0
JVASP-121766,0
JVASP-118271,0
JVASP-51410,0
JVASP-48382,0
JVASP-144015,0
JVASP-136622,0
JVASP-107392,0
JVASP-141656,0
JVASP-129845,1
JVASP-137379,0
JVASP-30265,0
JVASP-136594,0
JVASP-100675,0
JVASP-102259,1
JVASP-21503,1
JVASP-43957,0
JVASP-109258,1
JVASP-87076,1
JVASP-115581,0
JVASP-142577,1
JVASP-30164,0
JVASP-107150,1
JVASP-30271,0
JVASP-118234,0
JVASP-92434,0
JVASP-139899,0
JVASP-97627,1
JVASP-30207,0
JVASP-33069,0
JVASP-91475,0
JVASP-35219,0
JVASP-136344,0
JVASP-103554,0
JVASP-52247,0
JVASP-51693,0
JVASP-9464,0
JVASP-146779,0
JVASP-112403,0
JVASP-134786,0
JVASP-11304,0
JVASP-91741,1
JVASP-43793,0
JVASP-102262,1
JVASP-142658,0
JVASP-88019,1
JVASP-34568,1
JVASP-48608,0
JVASP-110338,0
JVASP-85599,0
JVASP-100880,1
JVASP-107387,1
JVASP-34331,1
JVASP-43815,0
JVASP-42274,0
JVASP-108961,1
JVASP-98083,0
JVASP-43982,0
JVASP-32171,0
JVASP-133654,0
JVASP-139982,0
JVASP-138987,1
JVASP-57462,1
JVASP-141543,1
JVASP-141571,0
JVASP-48122,0
JVASP-106910,0
JVASP-8359,0
JVASP-43736,0
JVASP-91974,1
JVASP-39460,0
JVASP-8097,0
JVASP-134778,0
JVASP-114746,0
JVASP-38114,1
JVASP-111966,0
JVASP-113597,0
JVASP-119251,0
JVASP-42174,0
JVASP-38317,1
JVASP-86436,0
JVASP-58266,0
JVASP-42898,0
JVASP-118258,1
JVASP-44035,0
JVASP-132882,1
JVASP-50688,1
JVASP-118262,0
JVASP-111976,0
JVASP-139138,0
JVASP-42398,1
JVASP-132835,0
JVASP-127543,1
JVASP-40689,0
JVASP-19614,1
JVASP-30516,0
JVASP-20351,0
JVASP-90524,0
JVASP-118930,1
JVASP-22974,0
JVASP-147124,0
JVASP-138439,0
JVASP-141349,1
JVASP-91757,0
JVASP-36845,0
JVASP-138852,0
JVASP-43955,0
JVASP-134811,0
JVASP-42436,0
JVASP-138816,0
JVASP-141230,0
JVASP-116087,0
JVASP-109820,0
JVASP-124341,0
JVASP-55563,1
JVASP-11310,0
JVASP-120283,0
JVASP-15625,1
JVASP-120043,1
JVASP-48314,1
JVASP-49961,0
JVASP-136630,0
JVASP-40360,1
JVASP-58423,0
JVASP-99457,0
JVASP-145610,0
JVASP-137790,0
JVASP-114022,1
JVASP-22536,1
JVASP-48414,0
JVASP-91711,1
JVASP-138939,1
JVASP-138886,0
JVASP-134355,1
JVASP-21028,0
JVASP-118400,1
JVASP-119722,0
JVASP-130356,1
JVASP-107626,1
JVASP-127563,1
JVASP-134653,1
JVASP-107880,0
JVASP-138841,1
JVASP-54513,1
JVASP-97997,1
JVASP-5185,1
JVASP-110866,1
JVASP-33825,1
JVASP-35662,1
JVASP-93268,0
JVASP-42554,0
JVASP-144060,0
JVASP-8301,0
JVASP-31243,0
JVASP-134793,0
JVASP-111978,0
JVASP-59643,1
JVASP-53229,0
JVASP-42450,0
JVASP-138687,1
JVASP-104535,1
JVASP-119427,0
JVASP-120192,0
JVASP-134716,0
JVASP-116038,1
JVASP-50747,1
JVASP-122338,0
JVASP-102840,0
JVASP-98245,1
JVASP-109311,1
JVASP-140597,0
JVASP-48021,0
JVASP-140594,0
JVASP-32532,0
JVASP-57564,1
JVASP-102861,0
JVASP-117440,0
JVASP-145590,0
JVASP-154503,0
JVASP-104788,0
JVASP-157595,0
JVASP-116032,1
JVASP-109008,1
JVASP-116834,0
JVASP-22596,1
JVASP-61646,0
JVASP-47333,0
JVASP-50794,0
JVASP-51699,1
JVASP-112433,0
JVASP-46919,1
JVASP-146105,0
JVASP-118732,1
JVASP-34946,1
JVASP-106060,1
JVASP-143990,0
JVASP-22619,0
JVASP-2163,0
JVASP-136327,0
JVASP-42448,0
JVASP-42817,0
JVASP-10245,1
JVASP-117413,0
JVASP-133729,1
JVASP-46918,0
JVASP-128491,1
JVASP-136607,0
JVASP-138875,1
JVASP-137658,0
JVASP-141573,1
JVASP-36747,1
JVASP-112210,0
JVASP-40727,0
JVASP-89203,1
JVASP-115568,0
JVASP-42690,0
JVASP-9928,1
JVASP-50030,0
JVASP-143499,0
JVASP-120485,0
JVASP-8311,1
JVASP-110067,1
JVASP-109643,0
JVASP-116090,0
JVASP-42719,0
JVASP-132850,0
JVASP-118212,1
JVASP-116022,0
JVASP-102253,0
JVASP-90847,1
JVASP-4543,1
JVASP-153701,1
JVASP-8339,1
JVASP-134783,1
JVASP-119353,0
JVASP-91245,0
JVASP-57132,0
JVASP-21548,1
JVASP-42260,0
JVASP-38127,0
JVASP-119975,0
JVASP-42385,0
JVASP-146271,0
JVASP-117580,1
JVASP-34206,0
JVASP-30605,0
JVASP-105680,1
JVASP-155572,1
JVASP-9539,0
JVASP-30264,0
JVASP-101709,1
JVASP-116456,0
JVASP-142663,0
JVASP-3798,1
JVASP-47093,0
JVASP-9983,0
JVASP-141634,0
JVASP-112841,0
JVASP-116217,1
JVASP-150256,0
JVASP-116818,0
JVASP-115583,1
JVASP-35496,1
JVASP-93306,0
JVASP-120889,1
JVASP-104513,0
JVASP-12928,1
JVASP-100066,0
JVASP-114943,0
JVASP-8313,0
JVASP-43751,0
JVASP-46865,0
JVASP-42726,0
JVASP-31174,0
JVASP-119080,1
JVASP-22583,0
JVASP-105471,1
JVASP-107134,0
JVASP-118301,0
JVASP-102427,0
JVASP-119590,0
JVASP-123661,1
JVASP-127571,1
JVASP-136329,1
JVASP-115573,1
JVASP-21683,1
JVASP-119525,0
JVASP-22544,0
JVASP-137315,0
JVASP-134810,0
JVASP-138182,0
JVASP-118277,0
JVASP-88423,0
JVASP-12382,0
JVASP-120157,1
JVASP-39330,1
JVASP-141163,0
JVASP-88791,1
JVASP-107428,0
JVASP-133388,1
JVASP-49860,0
JVASP-88375,0
JVASP-50816,0
JVASP-141835,0
JVASP-33718,1
JVASP-8598,1
JVASP-108604,1
JVASP-134654,0
JVASP-116336,0
JVASP-53402,1
JVASP-134829,1
JVASP-102384,1
JVASP-142661,0
JVASP-36824,0
JVASP-48817,0
JVASP-24608,0
JVASP-7790,1
JVASP-142031,0
JVASP-127325,0
JVASP-145779,0
JVASP-22550,0
JVASP-141860,0
JVASP-12769,0
JVASP-9990,0
JVASP-154659,0
JVASP-44770,0
JVASP-136602,0
JVASP-58331,0
JVASP-34372,0
JVASP-108598,0
JVASP-146985,0
JVASP-118319,0
JVASP-114741,1
JVASP-120416,0
JVASP-136565,0
JVASP-87037,0
JVASP-53045,1
JVASP-58400,1
JVASP-136343,0
JVASP-120170,0
JVASP-144587,0
JVASP-134342,1
JVASP-106857,1
JVASP-140992,0
JVASP-119993,1
JVASP-121459,0
JVASP-117398,0
JVASP-122519,0
JVASP-134812,1
JVASP-111969,0
JVASP-90882,1
JVASP-8001,0
JVASP-4825,0
JVASP-134825,0
JVASP-140008,1
JVASP-151338,1
JVASP-22579,0
JVASP-138817,0
JVASP-40183,1
JVASP-121613,1
JVASP-108831,0
JVASP-38088,1
JVASP-34452,0
JVASP-55967,1
JVASP-19704,0
JVASP-143677,1
JVASP-43070,0
JVASP-46875,0
JVASP-43672,0
JVASP-42828,0
JVASP-46903,0
JVASP-119977,1
JVASP-111106,1
JVASP-25887,1
JVASP-50760,1
JVASP-48347,0
JVASP-48944,0
JVASP-140812,1
JVASP-12682,0
JVASP-99590,0
JVASP-33679,1
JVASP-109441,1
JVASP-52279,0
JVASP-112854,0
JVASP-111391,0
JVASP-61626,1
JVASP-104008,0
JVASP-38040,1
JVASP-134661,0
JVASP-106188,0
JVASP-17356,1
JVASP-141818,1
JVASP-43979,0
JVASP-92233,1
JVASP-36932,0
JVASP-93451,1
JVASP-23183,0
JVASP-48958,0
JVASP-47298,0
JVASP-47015,0
JVASP-105939,0
JVASP-107877,1
JVASP-145388,0
JVASP-21476,0
JVASP-140634,0
JVASP-100345,0
JVASP-109424,0
JVASP-116821,0
JVASP-144883,0
JVASP-42333,0
JVASP-138892,0
JVASP-121128,1
JVASP-31822,1
JVASP-138889,1
JVASP-48322,0
JVASP-42233,0
JVASP-138902,0
JVASP-53484,1
JVASP-146549,1
JVASP-147720,0
JVASP-134678,0
JVASP-118254,0
JVASP-44032,0
JVASP-121530,0
JVASP-2259,0
JVASP-144749,0
JVASP-151870,0
JVASP-144781,0
JVASP-144008,0
JVASP-144149,1
JVASP-102357,0
JVASP-118340,0
JVASP-110657,0
JVASP-109435,0
JVASP-42344,0
JVASP-108691,1
JVASP-91630,1
JVASP-48071,0
JVASP-138988,0
JVASP-147443,0
JVASP-139136,0
JVASP-115403,0
JVASP-141051,0
JVASP-94825,1
JVASP-140613,0
JVASP-48548,0
JVASP-48538,0
JVASP-109483,0
JVASP-134683,0
JVASP-137378,0
JVASP-106877,0
JVASP-79810,0
JVASP-118244,0
JVASP-100887,1
JVASP-47291,1
JVASP-48918,0
JVASP-47953,0
JVASP-34347,1
JVASP-8352,1
JVASP-117386,1
JVASP-38098,1
JVASP-46672,0
JVASP-52750,0
JVASP-22868,1
JVASP-139084,0
JVASP-138194,0
JVASP-30212,0
JVASP-120586,0
JVASP-85406,1
JVASP-12550,0
JVASP-118406,1
JVASP-14165,0
JVASP-139163,1
JVASP-9532,0
JVASP-104823,0
JVASP-25587,1
JVASP-119257,1
JVASP-132859,0
JVASP-22604,0
JVASP-121015,0
JVASP-96979,0
JVASP-134730,1
JVASP-137738,0
JVASP-144768,0
JVASP-57746,1
JVASP-52498,0
JVASP-104825,0
JVASP-134769,0
JVASP-48119,0
JVASP-99108,0
JVASP-146098,0
JVASP-11162,1
JVASP-121025,1
JVASP-12711,0
JVASP-155560,1
JVASP-7635,0
JVASP-102598,0
JVASP-143246,1
JVASP-97037,1
JVASP-42803,0
JVASP-106452,1
JVASP-17268,1
JVASP-85552,0
JVASP-119743,0
JVASP-47992,0
JVASP-97858,1
JVASP-8364,1
JVASP-50847,0
JVASP-45381,0
JVASP-31802,0
JVASP-7646,0
JVASP-95587,1
JVASP-48387,0
JVASP-30513,0
JVASP-116081,1
JVASP-8347,1
JVASP-136578,0
JVASP-119728,0
JVASP-120282,0
JVASP-107393,0
JVASP-140587,0
JVASP-90103,0
JVASP-42337,0
JVASP-117710,0
JVASP-43920,1
JVASP-111224,1
JVASP-111697,1
JVASP-148196,1
JVASP-62361,1
JVASP-134827,0
JVASP-138437,1
JVASP-30173,0
JVASP-20832,1
JVASP-42216,0
JVASP-108156,0
JVASP-116035,1
JVASP-50818,1
JVASP-116497,1
JVASP-111885,0
JVASP-48908,1
JVASP-134862,1
JVASP-138890,0
JVASP-22950,0
JVASP-110289,1
JVASP-57770,1
JVASP-25648,1
JVASP-146401,1
JVASP-30975,1
JVASP-118249,0
JVASP-57571,0
JVASP-110512,1
JVASP-27786,0
JVASP-136345,1
JVASP-153143,1
JVASP-42805,0
JVASP-100129,0
JVASP-61586,1
JVASP-122283,0
JVASP-97623,1
JVASP-38534,1
JVASP-99125,0
JVASP-8283,1
JVASP-13302,0
JVASP-47308,1
JVASP-118318,0
JVASP-121917,0
JVASP-90164,1
JVASP-8815,0
JVASP-48390,1
JVASP-20292,0
JVASP-42221,0
JVASP-109223,0
JVASP-133703,0
JVASP-44138,0
JVASP-42342,0
JVASP-34444,1
JVASP-43590,0
JVASP-95564,1
JVASP-47240,0
JVASP-157780,0
JVASP-42357,1
JVASP-144720,0
JVASP-13862,0
JVASP-134855,0
JVASP-120179,0
JVASP-137821,0
JVASP-26770,1
JVASP-138904,0
JVASP-113253,0
JVASP-140651,0
JVASP-24414,0
JVASP-8318,1
JVASP-14889,0
JVASP-41803,1
JVASP-57161,1
JVASP-121537,0
JVASP-153942,1
JVASP-142617,0
JVASP-57083,1
JVASP-138990,1
JVASP-136623,1
JVASP-36982,0
JVASP-108860,0
JVASP-32153,1
JVASP-138944,1
JVASP-25687,0
JVASP-116048,1
JVASP-34430,0
JVASP-113594,0
JVASP-146587,0
JVASP-134846,1
JVASP-47934,0
JVASP-102062,0
JVASP-145599,0
JVASP-136328,1
JVASP-32228,1
JVASP-50802,0
JVASP-38395,1
JVASP-121715,0
JVASP-118342,0
JVASP-2154,1
JVASP-151604,1
JVASP-134861,0
JVASP-140815,1
JVASP-8131,1
JVASP-142878,0
JVASP-95175,0
JVASP-33027,1
JVASP-133682,0
JVASP-33324,1
JVASP-133635,0
JVASP-26276,1
JVASP-134338,1
JVASP-119326,0
JVASP-9443,1
JVASP-152617,1
JVASP-21037,1
JVASP-48492,0
JVASP-136319,1
JVASP-111891,0
JVASP-22733,0
JVASP-86512,0
JVASP-48138,0
JVASP-52598,1
JVASP-8574,0
JVASP-136330,0
JVASP-134353,1
JVASP-101766,1
JVASP-144743,1
JVASP-146944,0
JVASP-97818,0
JVASP-114486,1
JVASP-91531,1
JVASP-145694,0
JVASP-112431,0
JVASP-104804,0
JVASP-48650,0
JVASP-50661,0
JVASP-110617,0
JVASP-114568,1
JVASP-146618,1
JVASP-133640,0
JVASP-118288,0
JVASP-136571,0
JVASP-22366,1
JVASP-42201,0
JVASP-8305,0
JVASP-38115,1
JVASP-22886,0
JVASP-40708,0
JVASP-108576,0
JVASP-22360,1
JVASP-114487,1
JVASP-106454,0
JVASP-138124,0
JVASP-42745,0
JVASP-21866,1
JVASP-141561,0
JVASP-43961,0
JVASP-2505,0
JVASP-87110,1
JVASP-108690,1
JVASP-111399,0
JVASP-10074,0
JVASP-21127,0
JVASP-48178,0
JVASP-57703,0
JVASP-42308,0
JVASP-140600,1
JVASP-30597,1
JVASP-101769,0
JVASP-131998,1
JVASP-8284,1
JVASP-112409,0
JVASP-24369,0
JVASP-95598,1
JVASP-48782,0
JVASP-43576,0
JVASP-144019,0
JVASP-114927,0
JVASP-31155,1
JVASP-44018,0
JVASP-40481,1
JVASP-12768,1
JVASP-46859,0
JVASP-134350,0
JVASP-44144,0
JVASP-116021,0
JVASP-134120,0
JVASP-34703,1
JVASP-138810,1
JVASP-48546,0
JVASP-118278,1
JVASP-114431,0
JVASP-24348,1
JVASP-151947,1
JVASP-43719,0
JVASP-136572,0
JVASP-30626,0
JVASP-42927,0
JVASP-143257,0
JVASP-43950,0
JVASP-45248,0
JVASP-114929,1
JVASP-100890,0
JVASP-46076,0
JVASP-106177,1
JVASP-114532,0
JVASP-136605,0
JVASP-48628,0
JVASP-134748,0
JVASP-150480,1
JVASP-47922,0
JVASP-138934,1
JVASP-117577,0
JVASP-104732,0
JVASP-22616,1
JVASP-42267,0
JVASP-119328,0
JVASP-139087,1
JVASP-34350,1
JVASP-107398,0
JVASP-48337,0
JVASP-42798,0
JVASP-42830,0
JVASP-7777,1
JVASP-117586,0
JVASP-115994,0
JVASP-48377,0
JVASP-134767,1
JVASP-137746,0
JVASP-106894,0
JVASP-14911,0
JVASP-153416,0
JVASP-143520,0
JVASP-116030,1
JVASP-48726,0
JVASP-95090,1
JVASP-104006,0
JVASP-135241,1
JVASP-138894,0
JVASP-121044,0
JVASP-104096,1
JVASP-26796,0
JVASP-57181,0
JVASP-139407,1
JVASP-108958,1
JVASP-144413,0
JVASP-109237,0
JVASP-138845,1
JVASP-135748,1
JVASP-42714,0
JVASP-138933,1
JVASP-134837,1
JVASP-134725,1
JVASP-125768,0
JVASP-111797,1
JVASP-146743,0
JVASP-97853,0
JVASP-143291,0
JVASP-146635,1
JVASP-147554,1
JVASP-13066,0
JVASP-118245,1
JVASP-46904,1
JVASP-102356,1
JVASP-134507,1
JVASP-112405,0
JVASP-138912,0
JVASP-97509,0
JVASP-86948,1
JVASP-48617,0
JVASP-44054,0
JVASP-144892,0
JVASP-136542,0
JVASP-146918,0
JVASP-85434,0
JVASP-147226,0
JVASP-48823,0
JVASP-52200,0
JVASP-29264,1
JVASP-21961,1
JVASP-100571,0
JVASP-90503,1
JVASP-43374,0
JVASP-15673,1
JVASP-153061,0
JVASP-78633,0
JVASP-34486,1
JVASP-8357,0
JVASP-119300,0
JVASP-113431,0
JVASP-105301,1
JVASP-120164,0
JVASP-10211,1
JVASP-133608,0
JVASP-153848,0
JVASP-119068,1
JVASP-98791,1
JVASP-90639,0
JVASP-114749,0
JVASP-2745,1
JVASP-146942,0
JVASP-50177,0
JVASP-107099,1
JVASP-43453,0
JVASP-138864,0
JVASP-145516,0
JVASP-48464,0
JVASP-132905,0
JVASP-140585,0
JVASP-136645,1
JVASP-101481,0
JVASP-134747,0
JVASP-117081,0
JVASP-42462,0
JVASP-136336,1
JVASP-149825,0
JVASP-29399,0
JVASP-12930,1
JVASP-48604,1
JVASP-21928,1
JVASP-138911,1
JVASP-111990,0
JVASP-8297,0
JVASP-22558,0
JVASP-110376,1
JVASP-42314,0
JVASP-52911,0
JVASP-62279,1
JVASP-132972,0
JVASP-43530,0
JVASP-133386,1
JVASP-21388,1
JVASP-121004,1
JVASP-138888,0
JVASP-112496,0
JVASP-3051,0
JVASP-119000,0
JVASP-133657,0
JVASP-144829,1
JVASP-142685,0
JVASP-43558,0
JVASP-23351,1
JVASP-3480,0
JVASP-139149,0
JVASP-43991,0
JVASP-59548,1
JVASP-24004,0
JVASP-150521,1
JVASP-121768,0
JVASP-115398,0
JVASP-33320,1
JVASP-147502,1
JVASP-121786,0
JVASP-144067,0
JVASP-51414,0
JVASP-146118,0
JVASP-22445,1
JVASP-144082,0
JVASP-139927,0
JVASP-151255,1
JVASP-106405,1
JVASP-58361,1
JVASP-147424,0
JVASP-2679,1
JVASP-125392,1
JVASP-10931,1
JVASP-100590,0
JVASP-48091,0
JVASP-8237,0
JVASP-9483,1
JVASP-25664,1
JVASP-46889,0
JVASP-121925,0
JVASP-136325,1
JVASP-139914,0
JVASP-46152,0
JVASP-138915,1
JVASP-98034,1
JVASP-119460,1
JVASP-45994,1
JVASP-107491,1
JVASP-117272,0
JVASP-92505,1
JVASP-13060,1
JVASP-112924,1
JVASP-30442,0
JVASP-46727,0
JVASP-47077,0
JVASP-136629,1
JVASP-121010,1
JVASP-12751,0
JVASP-133730,1
JVASP-134519,1
JVASP-147306,1
JVASP-142083,0
JVASP-33530,1
JVASP-52221,1
JVASP-8344,0
JVASP-30401,0
JVASP-138442,1
JVASP-128875,1
JVASP-138926,0
JVASP-26494,0
JVASP-98944,1
JVASP-120180,0
JVASP-36878,0
JVASP-122562,1
JVASP-10129,0
JVASP-34780,1
JVASP-112435,0
JVASP-139669,0
JVASP-91421,0
JVASP-9977,0
JVASP-48923,0
JVASP-103209,0
JVASP-152035,0
JVASP-50754,1
JVASP-146783,0
JVASP-29398,0
JVASP-107503,1
JVASP-111230,0
JVASP-47954,0
JVASP-117452,0
JVASP-140586,0
JVASP-121756,0
JVASP-48627,0
JVASP-58395,1
JVASP-34422,1
JVASP-107845,1
JVASP-43484,0
JVASP-34424,0
JVASP-142176,0
JVASP-8768,1
JVASP-121754,0
JVASP-117730,0
JVASP-47739,1
JVASP-141973,1
JVASP-30288,0
JVASP-142648,0
JVASP-13927,1
JVASP-140644,0
JVASP-22534,0
JVASP-154000,0
JVASP-138887,0
JVASP-144132,1
JVASP-63322,1
JVASP-136091,1
JVASP-29979,1
JVASP-112228,0
JVASP-105676,1
JVASP-46673,0
JVASP-97882,0
JVASP-106997,0
JVASP-93263,0
JVASP-29913,1
JVASP-22498,0
JVASP-50665,1
JVASP-879,1
JVASP-48728,0
JVASP-134781,0
JVASP-142601,0
JVASP-42750,0
JVASP-25585,0
JVASP-38030,0
JVASP-33501,1
JVASP-123200,1
JVASP-22516,0
JVASP-114533,0
JVASP-138938,1
JVASP-14258,1
JVASP-109220,0
JVASP-95250,1
JVASP-93279,0
JVASP-47957,0
JVASP-118316,0
JVASP-34571,0
JVASP-106924,1
JVASP-50690,1
JVASP-8303,0
JVASP-106925,0
JVASP-143751,1
JVASP-101051,0
JVASP-115582,0
JVASP-111129,0
JVASP-114205,1
JVASP-139090,0
JVASP-124930,1
JVASP-113209,0
JVASP-48124,1
JVASP-8354,1
JVASP-139150,0
JVASP-108977,1
JVASP-121040,0
JVASP-134245,1
JVASP-119347,0
JVASP-127241,1
JVASP-118886,0
JVASP-10157,0
JVASP-140614,0
JVASP-98617,0
JVASP-22934,1
JVASP-22712,0
JVASP-138842,1
JVASP-136640,1
JVASP-1936,1
JVASP-138684,1
JVASP-140998,0
JVASP-98231,1
JVASP-110345,1
JVASP-134780,1
JVASP-48103,0
JVASP-52224,1
JVASP-59181,0
JVASP-127475,0
JVASP-26529,0
JVASP-106929,1
JVASP-112286,0
JVASP-118314,1
JVASP-87072,1
JVASP-48174,0
JVASP-140630,0
JVASP-149343,0
JVASP-104792,0
JVASP-44252,0
JVASP-114456,1
JVASP-144017,0
JVASP-124011,1
JVASP-136087,1
JVASP-13749,0
JVASP-137897,1
JVASP-111577,0
JVASP-95474,1
JVASP-42321,0
JVASP-27283,1
JVASP-88061,1
JVASP-144839,0
JVASP-113222,0
JVASP-43512,0
JVASP-143999,0
JVASP-10962,1
JVASP-109396,0
JVASP-50788,0
JVASP-42678,0
JVASP-3021,0
JVASP-122526,0
JVASP-113062,1
JVASP-12341,1
JVASP-16407,1
JVASP-139139,1
JVASP-107854,1
JVASP-145769,0
JVASP-120152,0
JVASP-146939,0
JVASP-147450,0
JVASP-111347,1
JVASP-40220,1
JVASP-43686,0
JVASP-8090,0
JVASP-139802,0
JVASP-144760,0
JVASP-124852,1
JVASP-119732,0
JVASP-48562,0
JVASP-122943,0
JVASP-140601,0
JVASP-48957,0
JVASP-45924,0
JVASP-134879,0
JVASP-45919,1
JVASP-86964,0
JVASP-90660,1
JVASP-42225,0
JVASP-118341,0
JVASP-18449,1
JVASP-42489,0
JVASP-24017,1
JVASP-138916,0
JVASP-14218,1
JVASP-111232,1
JVASP-22609,0
JVASP-121027,0
JVASP-8669,0
JVASP-12586,1
JVASP-99683,1
JVASP-90850,0
JVASP-132932,0
JVASP-103132,0
JVASP-22617,0
JVASP-25630,1
JVASP-47999,0
JVASP-109901,0
JVASP-140629,0
JVASP-151060,0
JVASP-45325,1
JVASP-119390,0
JVASP-142061,0
JVASP-120819,0
JVASP-118236,1
JVASP-141569,0
JVASP-116895,0
JVASP-138188,1
JVASP-43916,0
JVASP-126732,0
JVASP-107856,1
JVASP-137843,0
JVASP-107388,1
JVASP-52175,1
JVASP-141000,0
JVASP-113163,0
JVASP-120394,1
JVASP-34555,0
JVASP-48024,0
JVASP-21056,1
JVASP-112859,0
JVASP-19337,0
JVASP-48348,0
JVASP-135746,1
JVASP-138919,1
JVASP-103746,0
JVASP-79251,1
JVASP-116016,0
JVASP-21508,0
JVASP-10465,1
JVASP-3291,0
JVASP-114458,1
JVASP-91586,1
JVASP-121041,0
JVASP-145612,0
JVASP-14897,1
JVASP-150678,0
JVASP-46958,0
JVASP-127564,1
JVASP-116063,0
JVASP-152090,0
JVASP-116872,0
JVASP-117420,0
JVASP-134723,0
JVASP-103358,1
JVASP-118266,1
JVASP-142062,0
JVASP-138830,1
JVASP-8589,1
JVASP-114439,1
JVASP-23114,1
JVASP-42912,0
JVASP-140653,0
JVASP-145921,0
JVASP-59552,1
JVASP-118286,0
JVASP-114993,0
JVASP-49778,0
JVASP-44009,0
JVASP-112229,0
JVASP-109891,1
JVASP-95318,0
JVASP-34723,1
JVASP-57785,1
JVASP-47329,0
JVASP-144762,0
JVASP-47966,0
JVASP-42709,0
JVASP-52229,1
JVASP-43584,0
JVASP-117449,0
JVASP-97855,0
JVASP-115408,0
JVASP-106293,1
JVASP-108963,0
JVASP-110081,1
JVASP-48415,0
JVASP-118893,0
JVASP-94994,1
JVASP-36133,0
JVASP-36985,0
JVASP-108592,1
JVASP-139164,0
JVASP-34797,1
JVASP-117538,0
JVASP-36936,1
JVASP-8353,1
JVASP-142166,0
JVASP-5464,1
JVASP-116053,1
JVASP-105655,0
JVASP-133220,0
JVASP-30434,0
JVASP-136639,1
JVASP-26766,0
JVASP-56696,0
JVASP-138430,0
JVASP-48097,0
JVASP-43752,0
JVASP-126970,0
JVASP-141240,0
JVASP-44137,0
JVASP-146359,1
JVASP-58383,0
JVASP-116000,0
JVASP-106844,0
JVASP-136597,0
JVASP-22515,0
JVASP-117286,0
JVASP-38038,1
JVASP-22365,1
JVASP-42921,0
JVASP-104541,1
JVASP-107596,0
JVASP-117101,0
JVASP-59789,1
JVASP-43973,0
JVASP-155563,1
JVASP-91975,0
JVASP-120151,1
JVASP-99520,0
JVASP-26631,0
JVASP-147161,0
JVASP-144064,0
JVASP-117722,1
JVASP-138878,1
JVASP-58367,1
JVASP-117593,0
JVASP-112123,0
JVASP-50694,1
JVASP-99862,0
JVASP-118260,0
JVASP-111892,1
JVASP-115821,1
JVASP-14081,1
JVASP-90866,1
JVASP-136095,0
JVASP-46141,0
JVASP-4954,1
JVASP-52173,0
JVASP-145412,1
JVASP-43570,0
JVASP-44129,0
JVASP-127566,1
JVASP-102371,0
JVASP-30639,0
JVASP-42642,0
JVASP-122314,1
JVASP-136610,0
JVASP-136564,1
JVASP-47741,0
JVASP-102745,0
JVASP-138931,1
JVASP-43518,0
JVASP-127597,1
JVASP-8252,0
JVASP-142596,0
JVASP-136550,0
JVASP-43505,1
JVASP-26471,1
JVASP-108112,1
JVASP-141637,0
JVASP-38034,1
JVASP-121789,0
JVASP-10919,1
JVASP-122385,0
JVASP-112227,0
JVASP-42580,0
JVASP-47326,0
JVASP-2676,1
JVASP-91486,0
JVASP-144482,0
JVASP-48166,0
JVASP-57147,1
JVASP-138196,1
JVASP-46767,0
JVASP-119571,0
JVASP-44027,0
JVASP-52261,1
JVASP-21539,1
JVASP-30603,0
JVASP-12326,1
JVASP-11314,1
JVASP-116519,0
JVASP-134787,0
JVASP-9528,0
JVASP-101066,1
JVASP-116764,0
JVASP-91637,0
JVASP-48498,0
JVASP-45905,0
JVASP-113246,0
JVASP-30614,0
JVASP-108973,0
JVASP-105295,1
JVASP-138692,0
JVASP-155568,1
JVASP-119751,0
JVASP-52201,1
JVASP-120994,1
JVASP-118405,1
JVASP-23920,1
JVASP-139894,0
JVASP-116070,0
JVASP-57322,0
JVASP-52493,0
JVASP-118290,0
JVASP-101975,0
JVASP-95640,1
JVASP-58340,0
JVASP-119749,0
JVASP-46689,0
JVASP-17429,1
JVASP-120145,0
JVASP-48581,0
JVASP-122512,0
JVASP-140658,0
JVASP-42754,0
JVASP-111963,0
JVASP-42732,0
JVASP-105677,1
JVASP-30262,0
JVASP-43819,0
JVASP-110516,1
JVASP-145528,0
JVASP-122107,1
JVASP-138800,1
JVASP-48003,0
JVASP-99449,1
JVASP-137754,0
JVASP-93486,0
JVASP-42284,0
JVASP-134797,0
JVASP-128996,1
JVASP-121003,1
JVASP-116668,1
JVASP-116375,0
JVASP-141832,0
JVASP-44274,0
JVASP-146648,0
JVASP-100621,1
JVASP-134785,0
JVASP-42192,0
JVASP-122399,0
JVASP-155191,1
JVASP-141611,0
JVASP-117716,0
JVASP-88587,1
JVASP-43504,0
JVASP-48713,0
JVASP-52542,1
JVASP-24927,1
JVASP-2091,1
JVASP-42458,0
JVASP-109249,1
JVASP-139143,0
JVASP-88413,1
JVASP-133660,0
JVASP-133633,1
JVASP-117352,0
JVASP-145959,0
JVASP-142163,0
JVASP-34663,0
JVASP-141148,0
JVASP-117169,0
JVASP-42359,0
JVASP-42162,0
JVASP-104819,1
JVASP-146914,0
JVASP-116898,0
JVASP-45776,0
JVASP-122383,0
JVASP-140660,0
JVASP-8819,0
JVASP-44330,0
JVASP-151894,1
JVASP-90711,0
JVASP-108578,1
JVASP-136326,0
JVASP-47011,1
JVASP-111677,1
JVASP-5074,0
JVASP-141604,0
JVASP-95080,1
JVASP-10120,1
JVASP-52496,1
JVASP-48137,0
JVASP-139471,0
JVASP-117441,0
JVASP-116083,0
JVASP-135240,1
JVASP-108600,0
JVASP-50720,1
JVASP-148363,1
JVASP-144751,0
JVASP-118283,0
JVASP-142059,0
JVASP-101513,1
JVASP-138106,1
JVASP-52514,1
JVASP-119308,1
JVASP-9486,0
JVASP-143603,0
JVASP-134736,0
JVASP-144260,0
JVASP-135244,1
JVASP-3447,1
JVASP-30668,0
JVASP-52196,1
JVASP-48952,0
JVASP-42269,0
JVASP-48537,0
JVASP-43665,0
JVASP-121845,1
JVASP-47950,0
JVASP-155570,1
JVASP-144499,0
JVASP-121916,1
JVASP-31151,0
JVASP-42272,0
JVASP-104503,1
JVASP-112203,0
JVASP-153872,1
JVASP-121301,1
JVASP-117594,1
JVASP-42302,0
JVASP-16409,0
JVASP-147683,0
JVASP-144752,0
JVASP-134651,1
JVASP-143282,0
JVASP-99566,1
JVASP-149808,1
JVASP-137901,1
JVASP-97878,0
JVASP-42605,0
JVASP-106909,0
JVASP-149311,0
JVASP-1130,1
JVASP-36995,0
JVASP-30594,0
JVASP-121757,0
JVASP-120888,0
JVASP-136729,1
JVASP-43770,1
JVASP-48956,0
JVASP-18490,1
JVASP-106637,1
JVASP-118263,0
JVASP-154480,0
JVASP-109818,0
JVASP-53119,1
JVASP-139142,0
JVASP-2715,1
JVASP-42688,0
JVASP-107425,0
JVASP-30139,0
JVASP-22147,0
JVASP-47159,1
JVASP-26816,0
JVASP-98230,1
JVASP-142398,1
JVASP-35744,1
JVASP-21540,0
JVASP-144002,0
JVASP-50394,0
JVASP-21770,1
JVASP-43790,0
JVASP-46694,0
JVASP-147334,1
JVASP-22127,0
JVASP-121043,0
JVASP-136352,0
JVASP-2769,1
JVASP-127582,1
JVASP-147149,1
JVASP-48334,0
JVASP-25647,0
JVASP-11313,1
JVASP-52516,0
JVASP-13055,1
JVASP-116812,0
JVASP-100877,1
JVASP-140997,1
JVASP-52378,0
JVASP-116901,0
JVASP-138843,1
JVASP-42801,1
JVASP-59143,1
JVASP-111935,0
JVASP-48001,0
JVASP-132984,0
JVASP-11561,1
JVASP-100075,0
JVASP-25102,1
JVASP-142598,0
JVASP-16123,1
JVASP-112190,0
JVASP-115672,1
JVASP-22958,1
JVASP-101479,0
JVASP-57237,1
JVASP-94961,0
JVASP-32456,1
JVASP-102856,0
JVASP-96682,0
JVASP-50881,1
JVASP-137381,0
JVASP-142734,1
JVASP-140662,0
JVASP-29393,0
JVASP-132860,0
JVASP-150237,1
JVASP-110394,0
JVASP-8025,0
JVASP-16281,0
JVASP-112855,0
JVASP-31167,0
JVASP-89937,1
JVASP-47645,1
JVASP-115927,0
JVASP-115998,1
JVASP-97637,1
JVASP-121007,1
JVASP-42275,0
JVASP-12002,0
JVASP-146095,0
JVASP-110710,1
JVASP-117451,0
JVASP-47439,0
JVASP-91451,0
JVASP-121006,0
JVASP-121785,0
JVASP-146584,0
JVASP-134819,0
JVASP-137256,1
JVASP-17303,1
JVASP-50002,1
JVASP-30046,1
JVASP-2580,1
JVASP-112838,0
JVASP-78811,0
JVASP-14313,1
JVASP-111975,0
JVASP-147235,1
JVASP-11161,0
JVASP-57626,0
JVASP-22602,1
JVASP-108596,0
JVASP-34325,0
JVASP-47273,0
JVASP-48402,0
JVASP-95687,0
JVASP-46885,0
JVASP-47042,0
JVASP-143292,0
JVASP-21974,1
JVASP-21603,0
JVASP-38036,0
JVASP-145616,0
JVASP-42691,0
JVASP-121034,0
JVASP-120160,1
JVASP-43842,0
JVASP-147417,0
JVASP-20310,1
JVASP-147162,0
JVASP-25515,1
JVASP-45768,0
JVASP-92367,0
JVASP-138861,0
JVASP-141570,0
JVASP-2460,0
JVASP-142851,0
JVASP-141048,0
JVASP-43782,0
JVASP-12170,0
JVASP-138928,0
JVASP-29503,0
JVASP-138793,1
JVASP-121001,1
JVASP-134813,0
JVASP-112440,0
JVASP-22626,0
JVASP-96978,0
JVASP-117595,0
JVASP-79433,1
JVASP-43324,0
JVASP-31840,0
JVASP-123327,0
JVASP-11640,0
JVASP-45926,0
JVASP-59859,1
JVASP-121761,0
JVASP-119302,1
JVASP-106873,1
JVASP-50640,1
JVASP-88465,1
JVASP-48359,0
